Top pages,Clicks,Impressions,CTR,Position
https://www.jungleboys.com/,68754,1291350,5.32%,6.38
https://www.jungleboys.com/menu/jungle-boys-dtla,17155,244062,7.03%,5.11
https://www.jungleboys.com/menu/jungle-boys-pomona,14489,146491,9.89%,4.18
https://www.jungleboys.com/menu/jungle-boys-orange-county,11250,207348,5.43%,5.74
https://www.jungleboys.com/menu/jungle-boys-san-diego?utm_source=gmb&utm_medium=organic,7672,62278,12.32%,5.24
https://www.jungleboys.com/menu/arizona/jungle-boys-phoenix,7582,116970,6.48%,7.18
https://www.jungleboys.com/menu/california/san-diego,6802,60956,11.16%,7.48
https://www.jungleboys.com/menu/california/pomona,6575,51897,12.67%,4.13
https://www.jungleboys.com/menu/california/orange-county,4108,48859,8.41%,4.78
https://www.jungleboys.com/menu/jungle-boys-san-diego,4050,125477,3.23%,4.4
https://www.jungleboys.com/menu/florida/jungle-boys-bonita-springs?dtche%5Bcategory%5D=vaporizers,3148,44884,7.01%,6.27
https://www.jungleboys.com/verify,2960,22221,13.32%,3.74
https://www.jungleboys.com/menu/california/downtown-los-angeles,2032,27531,7.38%,4.12
https://www.jungleboys.com/menu/florida/deerfield-beach,1599,124860,1.28%,7.08
https://www.jungleboys.com/locations,802,80246,1%,5.19
https://www.jungleboys.com/menu/florida/jungle-boys-miami-beach,469,48332,0.97%,10.2
https://www.jungleboys.com/menu/florida/jungle-boys-ocala,374,44520,0.84%,5.69
https://www.jungleboys.com/menu/florida/jungle-boys-orlando,363,54829,0.66%,6.15
https://www.jungleboys.com/menu/florida/jungle-boys-bonita-springs,302,48402,0.62%,6.4
https://www.jungleboys.com/menu/jungle-boys-dtla/category/flower,288,22928,1.26%,7.78
https://www.jungleboys.com/menu/arizona/jungle-boys-phoenix?dtche%5Bproduct%5D=jungle-cake-thca-1g,281,1357,20.71%,4.06
https://www.jungleboys.com/menu/florida/jungle-boys-palm-harbor?dtche%5Bproduct%5D=motor-breath-live-rosin-vape-pen-61266,279,1640,17.01%,5.94
https://www.jungleboys.com/menu/florida/deerfield-beach?dtche%5Bproduct%5D=pop-rockets-premium-flower,275,4468,6.15%,6.34
https://www.jungleboys.com/phenos,261,50652,0.52%,4.81
https://www.jungleboys.com/menu/florida/jungle-boys-palm-harbor?dtche%5Bproduct%5D=puro-loco-live-rosin-vape-pen,261,1898,13.75%,4.99
https://www.jungleboys.com/menu/arizona/jungle-boys-phoenix?dtche%5Bproduct%5D=adl-rtz-3-5g,259,21130,1.23%,6.29
https://www.jungleboys.com/menu/florida/jungle-boys-ocala?dtche%5Bpath%5D=products/concentrates/hash,248,4174,5.94%,10.32
https://www.jungleboys.com/menu/florida/jungle-boys-orlando?dtche%5Bproduct%5D=motor-breath-premium-flower,241,2889,8.34%,12.86
https://www.jungleboys.com/menu/florida/jungle-boys-ocala?dtche%5Bproduct%5D=zazooka-premium-flower,238,3129,7.61%,3.96
https://www.jungleboys.com/menu/florida/jungle-boys-daytona-beach?utm_source=FLDispensaries.com&utm_medium=CPC&utm_campaign=FLDTrial&utm_id=LiveMenuConnect,227,40760,0.56%,6.06
https://www.jungleboys.com/menu/florida/jungle-boys-north-miami-beach?dtche%5Bproduct%5D=chocolate-chips-live-rosin-vape-pen,224,1329,16.85%,4.19
https://www.jungleboys.com/menu/florida/jungle-boys-orlando?dtche%5Bproduct%5D=blu-zerdz-premium-flower,221,2676,8.26%,4.87
https://www.jungleboys.com/menu/florida/jungle-boys-palm-harbor?dtche%5Bproduct%5D=rs1000-premium-flower,215,6705,3.21%,6.39
https://www.jungleboys.com/menu/jungle-boys-dtla/category/pre_rolls,203,6824,2.97%,10.28
https://www.jungleboys.com/menu/florida/deerfield-beach?dtche%5Bproduct%5D=blu-frootz-premium-flower,200,4842,4.13%,7.08
https://www.jungleboys.com/menu/florida/jungle-boys-orlando?dtche%5Bproduct%5D=trop-cherry-premium-flower,194,1615,12.01%,5.31
https://www.jungleboys.com/menu/california/pomona?dtche%5Bpath%5D=specials,185,2510,7.37%,6.54
https://www.jungleboys.com/menu/florida/jungle-boys-orlando?dtche%5Bproduct%5D=raspado-premium-flower,177,2309,7.67%,5.47
https://www.jungleboys.com/menu/arizona/jungle-boys-phoenix?dtche%5Bpath%5D=specials,149,9071,1.64%,10.14
https://www.jungleboys.com/menu/florida/ocala,137,38624,0.35%,13.58
https://www.jungleboys.com/menu/florida/jungle-boys-north-miami-beach?dtche%5Bproduct%5D=white-gummiez-premium-flower,127,2050,6.2%,15.33
https://www.jungleboys.com/about,126,45987,0.27%,4.23
https://www.jungleboys.com/menu/florida/deerfield-beach?dtche%5Bpath%5D=specials,123,18228,0.67%,9.3
https://www.jungleboys.com/menu/florida/deerfield-beach?dtche%5Bproduct%5D=blam-premium-flower,123,4749,2.59%,5.94
https://www.jungleboys.com/menu/florida/jungle-boys-palm-harbor?dtche%5Bproduct%5D=zourz-premium-flower,122,5949,2.05%,7.71
https://www.jungleboys.com/menu/california/downtown-los-angeles?dtche%5Bpath%5D=brands/jungle-boys,117,3567,3.28%,5.37
https://www.jungleboys.com/menu/florida/jungle-boys-palm-harbor?dtche%5Bproduct%5D=chocolate-chips-live-rosin-vape-pen,116,955,12.15%,5.02
https://www.jungleboys.com/menu/florida/jungle-boys-orlando?dtche%5Bpath%5D=products/concentrates/hash,115,2382,4.83%,9.33
https://www.jungleboys.com/menu/florida/jungle-boys-orlando?dtche%5Bpath%5D=products/vaporizers/disposables,113,5617,2.01%,9.96
https://www.jungleboys.com/menu/florida/jungle-boys-palm-harbor?dtche%5Bproduct%5D=strawberry-runtz-premium-flower,113,2705,4.18%,10.79
https://www.jungleboys.com/wholesale,112,46654,0.24%,4.82
https://www.jungleboys.com/menu/florida/jungle-boys-north-miami-beach?dtche%5Bpath%5D=products/concentrates/hash,112,2147,5.22%,13.5
https://www.jungleboys.com/menu/florida/miami,106,23736,0.45%,12.75
https://www.jungleboys.com/menu/florida/jungle-boys-miami-beach?dtche%5Bproduct%5D=coma-premium-flower,106,2315,4.58%,6.06
https://www.jungleboys.com/menu/florida/tampa,105,31799,0.33%,8.78
https://www.jungleboys.com/menu/florida/jungle-boys-palm-harbor?dtche%5Bpath%5D=products/vaporizers/live-resin,102,2731,3.73%,7.95
https://www.jungleboys.com/menu/florida/deerfield-beach?dtche%5Bpath%5D=products/vaporizers/disposables,101,10144,1%,11.11
https://www.jungleboys.com/menu/florida/jungle-boys-orlando?dtche%5Bproduct%5D=deep-visions-9-premium-flower,101,1765,5.72%,3.95
https://www.jungleboys.com/menu/florida/jungle-boys-west-palm-beach?dtche%5Bproduct%5D=chocolate-chips-premium-flower,100,989,10.11%,5.43
https://www.jungleboys.com/menu/florida/jungle-boys-miami-beach?dtche%5Bproduct%5D=vanilla-velvet-live-rosin-vape-pen,100,735,13.61%,4.85
https://www.jungleboys.com/menu/florida/jungle-boys-palm-harbor?dtche%5Bproduct%5D=blu-frootz-premium-flower,96,741,12.96%,4.38
https://www.jungleboys.com/menu/florida/miami-beach,94,14829,0.63%,10.91
https://www.jungleboys.com/menu/california/downtown-los-angeles?dtche%5Bpath%5D=specials,94,1954,4.81%,17.04
https://www.jungleboys.com/menu/florida/jungle-boys-north-miami-beach?dtche%5Bproduct%5D=vanilla-velvet-live-rosin-vape-pen,93,1034,8.99%,6.48
https://www.jungleboys.com/menu/florida/deerfield-beach?dtche%5Bproduct%5D=zangria-premium-flower,88,1465,6.01%,5.65
https://www.jungleboys.com/menu/florida/jungle-boys-west-palm-beach?utm_source=FLDispensaries.com&utm_medium=CPC&utm_campaign=FLDTrial&utm_id=LiveMenuConnect,87,17670,0.49%,7.97
https://www.jungleboys.com/menu/jungle-boys-san-diego/?dtche%5Bproduct%5D=stiiizy-pineapple-express-pod,87,3190,2.73%,7.66
https://www.jungleboys.com/menu/florida/jungle-boys-miami-beach?dtche%5Bproduct%5D=big-league-choo-premium-flower,85,734,11.58%,4.95
https://www.jungleboys.com/menu/florida/jungle-boys-miami-beach?dtche%5Bproduct%5D=pink-cadillac-premium-flower,84,2480,3.39%,7.4
https://www.jungleboys.com/menu/florida/jungle-boys-orlando?dtche%5Bpath%5D=brands/puffco,84,1842,4.56%,13.07
https://www.jungleboys.com/menu/florida/jungle-boys-jacksonville?utm_source=FLDispensaries.com&utm_medium=CPC&utm_campaign=FLDTrial&utm_id=LiveMenuConnect,82,25200,0.33%,7.41
https://www.jungleboys.com/menu/florida/jungle-boys-north-miami-beach?dtche%5Bproduct%5D=legend-og-premium-flower,82,1277,6.42%,7.33
https://www.jungleboys.com/menu/florida/jungle-boys-palm-harbor?dtche%5Bpath%5D=products/vaporizers/disposables,79,4481,1.76%,7.04
https://www.jungleboys.com/menu/florida/jungle-boys-orlando?dtche%5Bproduct%5D=vanilla-velvet-live-rosin-vape-pen,79,1242,6.36%,5.13
https://www.jungleboys.com/menu/florida/jungle-boys-miami-beach?dtche%5Bproduct%5D=pink-cadillac-live-rosin-vape-pen,79,915,8.63%,4.8
https://www.jungleboys.com/menu/jungle-boys-san-diego/?dtche%5Bproduct%5D=flavorade-sfv-og-1g-cartridge,78,2317,3.37%,6.11
https://www.jungleboys.com/menu/florida/deerfield-beach?dtche%5Bproduct%5D=florida-haze-piatella,73,17030,0.43%,32.15
https://www.jungleboys.com/menu/arizona/jungle-boys-phoenix?dtche%5Bpath%5D=brands/just-flower,73,3226,2.26%,6.44
https://www.jungleboys.com/menu/florida/jungle-boys-miami-beach?dtche%5Bpath%5D=products/concentrates/hash,73,1653,4.42%,10.3
https://www.jungleboys.com/menu/florida/jungle-boys-orlando?dtche%5Bpath%5D=collection/de8d46e6-81e7-4852-afd8-74c51ca93541,72,8117,0.89%,6.37
https://www.jungleboys.com/menu/florida/jungle-boys-palm-harbor?dtche%5Bpath%5D=collection/ecb9c8c2-8cf4-449a-8474-3decdff6f712,69,25230,0.27%,6.92
https://www.jungleboys.com/menu/florida/jungle-boys-ocala?dtche%5Bproduct%5D=strawberry-waffles-premium-pre-roll,69,466,14.81%,4.39
https://www.jungleboys.com/menu/arizona/jungle-boys-phoenix?dtche%5Bproduct%5D=silver-project-7g,68,1965,3.46%,5.62
https://www.jungleboys.com/menu/florida/jungle-boys-jacksonville?dtche%5Bproduct%5D=lemon-cherry-watermelon-premium-flower,68,1073,6.34%,5.46
https://www.jungleboys.com/menu/florida/jungle-boys-miami-beach?dtche%5Bproduct%5D=orange-apricot-live-rosin-vape-pen,67,488,13.73%,6.27
https://www.jungleboys.com/app,67,277,24.19%,2.72
https://www.jungleboys.com/menu/florida/jungle-boys-palm-harbor?dtche%5Bproduct%5D=vanilla-velvet-premium-flower,66,3464,1.91%,6.98
https://www.jungleboys.com/menu/florida/jungle-boys-miami-beach?dtche%5Bcategory%5D=vaporizers,66,2905,2.27%,12.53
https://www.jungleboys.com/menu/arizona/jungle-boys-phoenix?dtche%5Bproduct%5D=rgxtw-14g,66,2407,2.74%,2.84
https://www.jungleboys.com/menu/florida/jungle-boys-palm-harbor?dtche%5Bproduct%5D=spanish-honey-11-premium-flower,66,1522,4.34%,4.06
https://www.jungleboys.com/menu/florida/jungle-boys-orlando?dtche%5Bpath%5D=products/concentrates/wax,65,2039,3.19%,8.19
https://www.jungleboys.com/menu/jungle-boys-san-diego/?dtche%5Bproduct%5D=cake-kiwi-burst-1g-disposable,63,1950,3.23%,6.34
https://www.jungleboys.com/menu/florida/deerfield-beach?dtche%5Bproduct%5D=i-95-x-permanent-marker-premium-flower,63,1515,4.16%,5.73
https://www.jungleboys.com/menu/florida/jungle-boys-orlando?dtche%5Bproduct%5D=jelly-donut-premium-flower,62,1778,3.49%,6.59
https://www.jungleboys.com/menu/florida/jungle-boys-orlando?dtche%5Bproduct%5D=zourz-premium-flower,61,2315,2.63%,5.08
https://www.jungleboys.com/menu/florida/jungle-boys-palm-harbor?dtche%5Bproduct%5D=sfv-x-tk-cured-resin-vape-pen,60,1390,4.32%,5.84
https://www.jungleboys.com/menu/arizona/jungle-boys-phoenix?dtche%5Bproduct%5D=paki-x-the-soap-14g,60,1125,5.33%,6.54
https://www.jungleboys.com/menu/arizona/jungle-boys-phoenix?dtche%5Bproduct%5D=lemon-poppers-3-5g,58,1957,2.96%,6.48
https://www.jungleboys.com/menu/florida/jungle-boys-ocala?dtche%5Bproduct%5D=mimosa-premium-flower,58,356,16.29%,5.85
https://www.jungleboys.com/menu/florida/orlando,57,16118,0.35%,12.52
https://www.jungleboys.com/menu/florida/jungle-boys-ocala?dtche%5Bproduct%5D=pop-rockets-premium-flower,57,1322,4.31%,7.1
https://www.jungleboys.com/menu/florida/jungle-boys-orlando?dtche%5Bproduct%5D=the-one-piatella,56,3525,1.59%,20.13
https://www.jungleboys.com/menu/florida/west-palm-beach,55,18263,0.3%,10.23
https://www.jungleboys.com/menu/florida/jungle-boys-orlando?dtche%5Bproduct%5D=applez-11-premium-flower,55,1529,3.6%,4.9
https://www.jungleboys.com/menu/florida/jungle-boys-orlando?dtche%5Bproduct%5D=deep-visions-1-premium-flower,55,1148,4.79%,4.17
https://www.jungleboys.com/menu/california/downtown-los-angeles?dtche%5Bpath%5D=info,54,3405,1.59%,9.38
https://www.jungleboys.com/menu/arizona/jungle-boys-phoenix?dtche%5Bproduct%5D=lemon-cherry-gelato-a-3-5g-32646,54,1032,5.23%,6.43
https://www.jungleboys.com/menu/florida/jungle-boys-miami-beach?dtche%5Bproduct%5D=i-95-x-permanent-marker-premium-flower,54,1021,5.29%,6.07
https://www.jungleboys.com/menu/florida/jungle-boys-ocala?dtche%5Bproduct%5D=vanilla-velvet-live-rosin-vape-pen,54,450,12%,5.27
https://www.jungleboys.com/menu/florida/deerfield-beach?dtche%5Bpath%5D=products/vaporizers/live-rosin-disposable,53,6238,0.85%,26.21
https://www.jungleboys.com/menu/florida/deerfield-beach?dtche%5Bproduct%5D=green-apple-100mg-rosin-chews-10pk,53,2793,1.9%,7.39
https://www.jungleboys.com/menu/florida/jungle-boys-ocala?dtche%5Bproduct%5D=puro-loco-live-rosin-vape-pen,53,951,5.57%,8.03
https://www.jungleboys.com/menu/florida/jungle-boys-miami-beach?dtche%5Bcategory%5D=pre-rolls,52,3292,1.58%,11.13
https://www.jungleboys.com/menu/arizona/jungle-boys-phoenix?dtche%5Bpath%5D=brands/mfused-super-fog-vibes,52,3016,1.72%,7.59
https://www.jungleboys.com/menu/florida/jungle-boys-north-miami-beach?dtche%5Bpath%5D=products/vaporizers/disposables,51,2512,2.03%,12.84
https://www.jungleboys.com/menu/florida/jungle-boys-palm-harbor?dtche%5Bproduct%5D=la-kush-cake-premium-flower,51,1237,4.12%,8.16
https://www.jungleboys.com/menu/california/san-diego?dtche%5Bproduct%5D=teds-budz-sticky-tits-hybrid-flower-3-5g,51,669,7.62%,6.07
https://www.jungleboys.com/menu/florida/daytona-beach,50,18420,0.27%,9.8
https://www.jungleboys.com/menu/florida/jungle-boys-palm-harbor?dtche%5Bpath%5D=products/vaporizers/cartridges,50,3614,1.38%,7.11
https://www.jungleboys.com/menu/florida/jungle-boys-orlando?dtche%5Bcategory%5D=pre-rolls,49,2173,2.25%,10.53
https://www.jungleboys.com/menu/florida/jungle-boys-ocala?dtche%5Bcategory%5D=vaporizers,49,1870,2.62%,9.03
https://www.jungleboys.com/menu/florida/tampa?dtche%5Bproduct%5D=zazooka-premium-flower,49,1150,4.26%,5.63
https://www.jungleboys.com/menu/jungle-boys-san-diegohttps://www.wellgreens.store/location/la-mesa?utm_source=google&utm_medium=organic&utm_campaign=gbp,49,380,12.89%,5.04
https://www.jungleboys.com/menu/california/orange-county?dtche%5Bproduct%5D=jungle-boys-wz-40-3-5g-gold-mylar,49,229,21.4%,2.44
https://www.jungleboys.com/menu/florida/jacksonville,48,24022,0.2%,8.04
https://www.jungleboys.com/menu/florida/jungle-boys-north-miami-beach?dtche%5Bproduct%5D=g-ride-premium-flower,48,2200,2.18%,7.49
https://www.jungleboys.com/menu/florida/jungle-boys-west-palm-beach?dtche%5Bproduct%5D=vanilla-velvet-premium-flower,48,1717,2.8%,6.07
https://www.jungleboys.com/menu/florida/jungle-boys-miami-beach?dtche%5Bproduct%5D=la-kush-cake-live-rosin-vape-pen-41344,47,3370,1.39%,24.18
https://www.jungleboys.com/menu/florida/deerfield-beach?dtche%5Bproduct%5D=vanilla-velvet-premium-flower,47,2543,1.85%,7.46
https://www.jungleboys.com/menu/florida/jungle-boys-orlando?dtche%5Bproduct%5D=coma-cured-resin-vape-pen,47,1011,4.65%,5.95
https://www.jungleboys.com/menu/florida/jungle-boys-palm-harbor?dtche%5Bproduct%5D=strawnana-premium-flower,47,760,6.18%,10.95
https://www.jungleboys.com/menu/florida/jungle-boys-palm-harbor?utm_source=FLDispensaries.com&utm_medium=CPC&utm_campaign=FLDTrial&utm_id=LiveMenuConnect,46,15371,0.3%,9.98
https://www.jungleboys.com/menu/florida/bonita-springs,46,13124,0.35%,10.98
https://www.jungleboys.com/menu/florida/jungle-boys-orlando?dtche%5Bpath%5D=specials,46,4942,0.93%,10.51
https://www.jungleboys.com/menu/arizona/jungle-boys-phoenix?dtche%5Bpath%5D=brands/wizard-trees,46,2112,2.18%,4.24
https://www.jungleboys.com/menu/arizona/jungle-boys-phoenix?dtche%5Bpath%5D=brands/blueprint-cannabis-co,46,1966,2.34%,6.91
https://www.jungleboys.com/menu/florida/deerfield-beach?dtche%5Bproduct%5D=chocolate-chips-live-rosin-vape-pen,46,976,4.71%,7.28
https://www.jungleboys.com/menu/florida/jungle-boys-orlando?dtche%5Bproduct%5D=sherbanger-premium-flower,46,511,9%,5.07
https://www.jungleboys.com/420-deals,46,172,26.74%,5.31
https://www.jungleboys.com/menu/florida/jungle-boys-gainesville?utm_source=FLDispensaries.com&utm_medium=CPC&utm_campaign=FLDTrial&utm_id=LiveMenuConnect,45,12889,0.35%,8.93
https://www.jungleboys.com/menu/florida/jungle-boys-ocala,45,5352,0.84%,5.75
https://www.jungleboys.com/menu/california/orange-county?dtche%5Bpath%5D=brands/jungle-boys,45,1653,2.72%,7.93
https://www.jungleboys.com/menu/florida/jungle-boys-palm-harbor?dtche%5Bproduct%5D=chocolate-chips-premium-flower,45,465,9.68%,3.92
https://www.jungleboys.com/menu/arizona/jungle-boys-phoenix?dtche%5Bpath%5D=brands/doja-pak,44,1582,2.78%,8.65
https://www.jungleboys.com/menu/florida/deerfield-beach?dtche%5Bproduct%5D=papaya-x-candy-fumez-live-rosin-vape-pen,44,843,5.22%,7.22
https://www.jungleboys.com/menu/florida/jungle-boys-miami?dtche%5Bproduct%5D=blu-og-premium-flower,44,493,8.92%,5
https://www.jungleboys.com/menu/arizona/jungle-boys-phoenix?dtche%5Bproduct%5D=sweet-tea-sherb-92965,43,2775,1.55%,10.08
https://www.jungleboys.com/menu/florida/deerfield-beach?dtche%5Bproduct%5D=orange-apricot-premium-flower,43,1471,2.92%,15.12
https://www.jungleboys.com/menu/florida/deerfield-beach?dtche%5Bproduct%5D=all-cherriez-premium-flower,43,1179,3.65%,7.46
https://www.jungleboys.com/menu/florida/jungle-boys-palm-harbor?dtche%5Bproduct%5D=orange-cherries-premium-flower,42,938,4.48%,4.56
https://www.jungleboys.com/menu/california/downtown-los-angeles?dtche%5Bproduct%5D=jungle-boys-cherry-pie-5g-pops,42,269,15.61%,5.76
https://www.jungleboys.com/menu/florida/jungle-boys-bonita-springs?dtche%5Bproduct%5D=06-og-55-premium-flower,41,1858,2.21%,6.29
https://www.jungleboys.com/menu/florida/jungle-boys-palm-harbor?dtche%5Bproduct%5D=la85-live-rosin-vape-pen,41,1369,2.99%,5.92
https://www.jungleboys.com/menu/arizona/jungle-boys-phoenix?dtche%5Bproduct%5D=huckleberry-punch-unwind-gummies-100-mg-2-2-1-1-tch-cbg-cbc-cbdv-41807,41,615,6.67%,7.37
https://www.jungleboys.com/menu/florida/jungle-boys-miami-beach?dtche%5Bproduct%5D=motor-breath-flavors-cdt-distillate-vape-pen,41,587,6.98%,6.05
https://www.jungleboys.com/menu/california/orange-county?dtche%5Bproduct%5D=jamco-z-1g-live-rosin-all-in-one,41,168,24.4%,2.58
https://www.jungleboys.com/menu/florida/deerfield-beach?dtche%5Bcategory%5D=flower,40,9053,0.44%,5.17
https://www.jungleboys.com/menu/florida/jungle-boys-bonita-springs?dtche%5Bproduct%5D=pi-ata-premium-flower,39,1531,2.55%,7.68
https://www.jungleboys.com/menu/florida/jungle-boys-palm-harbor?dtche%5Bpath%5D=products/concentrates/hash,39,714,5.46%,11.56
https://www.jungleboys.com/menu/florida/jungle-boys-bonita-springs?dtche%5Bproduct%5D=orange-apricot-live-resin-vape-pen,39,349,11.17%,6.17
https://www.jungleboys.com/menu/california/orange-county?dtche%5Bproduct%5D=jungle-boys-strawcooler-3-5g-gold-mylar,39,196,19.9%,2.16
https://www.jungleboys.com/menu/florida/jungle-boys-ocala?dtche%5Bproduct%5D=fantasy-melon-premium-flower,38,5761,0.66%,5.06
https://www.jungleboys.com/menu/florida/jungle-boys-orlando?dtche%5Bproduct%5D=honey-banana-x-trop-cookies-7-premium-flower,38,1061,3.58%,5.42
https://www.jungleboys.com/menu/florida/jungle-boys-ocala?dtche%5Bpath%5D=collection/ea0f8922-f470-48ed-95b1-69789148f2c9,37,4489,0.82%,6.73
https://www.jungleboys.com/menu/arizona/jungle-boys-phoenix?dtche%5Bproduct%5D=atf-disposable-2g,36,2840,1.27%,7.62
https://www.jungleboys.com/menu/florida/deerfield-beach?dtche%5Bpath%5D=products/vaporizers/live-resin,36,1797,2%,11.38
https://www.jungleboys.com/menu/california/orange-county?dtche%5Bproduct%5D=jungle-boys-motor-breath-x-06-og-6-3-5g-pheno-jar,36,622,5.79%,7.47
https://www.jungleboys.com/menu/florida/jungle-boys-miami-beach?dtche%5Bproduct%5D=frozen-grapes-cured-rosin-vape-pen,36,484,7.44%,8.1
https://www.jungleboys.com/menu/florida/jungle-boys-gainesville?dtche%5Bproduct%5D=orange-cookies-premium-flower,34,3358,1.01%,6.18
https://www.jungleboys.com/menu/california/san-diego?dtche%5Bproduct%5D=maven-genetics-dirty-laundry-hybrid-flower-3-5g,34,2067,1.64%,8.58
https://www.jungleboys.com/menu/florida/jungle-boys-orlando?dtche%5Bpath%5D=products/vaporizers/pods,34,1969,1.73%,16.93
https://www.jungleboys.com/menu/arizona/jungle-boys-phoenix?dtche%5Bpath%5D=collections/394edc99-acb3-4948-9933-9ed39ee5e150,33,2242,1.47%,6.27
https://www.jungleboys.com/menu/florida/jungle-boys-palm-harbor?dtche%5Bproduct%5D=honey-banana-x-trop-cookies-12-live-rosin-vape-pen,33,1757,1.88%,7.44
https://www.jungleboys.com/menu/florida/jungle-boys-orlando?dtche%5Bproduct%5D=glazed-ice-premium-flower,33,1066,3.1%,5.12
https://www.jungleboys.com/menu/florida/deerfield-beach?dtche%5Bpath%5D=products/concentrates/diamonds,33,586,5.63%,17.03
https://www.jungleboys.com/menu/florida/jungle-boys-north-miami-beach?dtche%5Bproduct%5D=i-95-x-permanent-marker-premium-flower,33,461,7.16%,5.57
https://www.jungleboys.com/menu/arizona/jungle-boys-phoenix?dtche%5Bproduct%5D=cherry-pie-3-5g,32,284,11.27%,6.88
https://www.jungleboys.com/menu/florida/deerfield-beach?dtche%5Bpath%5D=collection/0607e4b8-9757-4224-ba7c-3728ab93f527,31,10034,0.31%,7.31
https://www.jungleboys.com/menu/florida/jungle-boys-bonita-springs?dtche%5Bproduct%5D=animal-tsunami-live-rosin-vape-pen,31,1542,2.01%,14.37
https://www.jungleboys.com/menu/florida/jungle-boys-bonita-springs?dtche%5Bproduct%5D=rso-dablicator-full-spec-thc,31,977,3.17%,6.19
https://www.jungleboys.com/menu/florida/jungle-boys-bonita-springs?dtche%5Bproduct%5D=kush-mints-premium-flower,31,647,4.79%,19.13
https://www.jungleboys.com/menu/florida/jungle-boys-miami?dtche%5Bproduct%5D=yuzu-sake-premium-flower,31,482,6.43%,4.1
https://www.jungleboys.com/menu/florida/tallahassee,30,11770,0.25%,13.59
https://www.jungleboys.com/menu/florida/jungle-boys-orlando?dtche%5Bpath%5D=collection/061d4ee1-a156-425b-8ad9-7ac2f0b35ffc,30,10119,0.3%,7.58
https://www.jungleboys.com/menu/florida/deerfield-beach?dtche%5Bpath%5D=collection/011d14cc-b865-46a1-8b77-674b7254c1c7,30,7210,0.42%,6.98
https://www.jungleboys.com/login,30,2286,1.31%,22.68
https://www.jungleboys.com/menu/florida/jungle-boys-miami-beach?dtche%5Bproduct%5D=frozen-grapes-premium-flower,30,1793,1.67%,14.52
https://www.jungleboys.com/menu/florida/jungle-boys-palm-harbor?dtche%5Bproduct%5D=zudz-premium-flower,30,1122,2.67%,5.04
https://www.jungleboys.com/menu/florida/deerfield-beach?dtche%5Bproduct%5D=zom-6-premium-flower,30,521,5.76%,5.14
https://www.jungleboys.com/menu/arizona/jungle-boys-phoenix?dtche%5Bpath%5D=products/concentrates/diamonds,30,447,6.71%,7.03
https://www.jungleboys.com/menu/arizona/jungle-boys-phoenix?dtche%5Bpath%5D=info,29,2718,1.07%,16.97
https://www.jungleboys.com/menu/arizona/jungle-boys-phoenix?dtche%5Bproduct%5D=creole-kush-14g,29,1988,1.46%,5.83
https://www.jungleboys.com/menu/florida/jacksonville?dtche%5Bproduct%5D=blam-premium-flower,29,1410,2.06%,6.18
https://www.jungleboys.com/menu/florida/deerfield-beach?dtche%5Bproduct%5D=big-league-choo-premium-flower,29,927,3.13%,9.48
https://www.jungleboys.com/menu/florida/deerfield-beach?dtche%5Bpath%5D=products/edibles/chews,29,902,3.22%,12.2
https://www.jungleboys.com/menu/florida/north-miami-beach?dtche%5Bproduct%5D=blu-zerdz-premium-flower,29,752,3.86%,8.74
https://www.jungleboys.com/menu/florida/jungle-boys-orlando?dtche%5Bproduct%5D=pop-rockets-premium-flower,29,691,4.2%,10.39
https://www.jungleboys.com/menu/florida/deerfield-beach?dtche%5Bproduct%5D=blueberry-sugar-premium-flower,29,598,4.85%,14.1
https://www.jungleboys.com/menu/florida/jungle-boys-palm-harbor?dtche%5Bproduct%5D=06-og-67-premium-flower,28,1483,1.89%,6.78
https://www.jungleboys.com/menu/florida/miami-beach?dtche%5Bproduct%5D=all-cherriez-premium-flower,28,625,4.48%,6.4
https://www.jungleboys.com/menu/florida/jungle-boys-miami?dtche%5Bproduct%5D=motor-breath-live-resin-vape-pen,28,337,8.31%,11.55
https://www.jungleboys.com/menu/florida/jungle-boys-miami,27,5913,0.46%,10.25
https://www.jungleboys.com/menu/arizona/jungle-boys-phoenix?dtche%5Bpath%5D=brands/alien-labs,27,2062,1.31%,6.85
https://www.jungleboys.com/menu/florida/jungle-boys-north-miami-beach?dtche%5Bproduct%5D=06-og-67-premium-flower,27,1527,1.77%,7.59
https://www.jungleboys.com/menu/florida/jungle-boys-bonita-springs?dtche%5Bproduct%5D=frozen-grapes-premium-flower,27,1298,2.08%,12.94
https://www.jungleboys.com/menu/florida/jungle-boys-north-miami-beach?dtche%5Bpath%5D=products/vaporizers/live-resin,27,1126,2.4%,8.83
https://www.jungleboys.com/menu/florida/jungle-boys-palm-harbor?dtche%5Bproduct%5D=the-one-premium-flower,27,874,3.09%,6.78
https://www.jungleboys.com/menu/arizona/jungle-boys-phoenix?dtche%5Bproduct%5D=cherry-pie-live-badder-1g,27,422,6.4%,4.81
https://www.jungleboys.com/contact,26,41314,0.06%,4.94
https://www.jungleboys.com/menu/florida/jungle-boys-palm-harbor?dtche%5Bpath%5D=collection/0918f833-90df-4062-8fd9-f9bbcd80d574,26,17084,0.15%,7.24
https://www.jungleboys.com/menu/florida/jungle-boys-bonita-springs?dtche%5Bproduct%5D=animal-cookies-live-resin-vape-pen,26,3566,0.73%,3.3
https://www.jungleboys.com/menu/florida/jungle-boys-palm-harbor?dtche%5Bproduct%5D=la-kush-cake-live-rosin-vape-pen-5638,26,1695,1.53%,22.73
https://www.jungleboys.com/menu/florida/jungle-boys-orlando?dtche%5Bproduct%5D=pink-cadillac-premium-flower,26,1485,1.75%,8.57
https://www.jungleboys.com/menu/florida/jungle-boys-palm-harbor?dtche%5Bproduct%5D=pi-ata-premium-flower,26,1050,2.48%,12.88
https://www.jungleboys.com/menu/california/downtown-los-angeles?dtche%5Bpath%5D=brands/oil-refinery-co,26,474,5.49%,7
https://www.jungleboys.com/menu/california/downtown-los-angeles?dtche%5Bproduct%5D=quale-mystery-flavor-1g-live-rosin,26,246,10.57%,5.48
https://www.jungleboys.com/menu/florida/deerfield-beach?dtche%5Bproduct%5D=watermelon-pie-breath-x-oishii-premium-flower,25,592,4.22%,4.98
https://www.jungleboys.com/menu/florida/deerfield-beach?dtche%5Bproduct%5D=rso-dablicator-high-thc,25,388,6.44%,7.38
https://www.jungleboys.com/menu/florida/jungle-boys-orlando?dtche%5Bproduct%5D=pink-cadillac-live-rosin-vape-pen,25,340,7.35%,4.61
https://www.jungleboys.com/menu/florida/jungle-boys-palm-harbor?dtche%5Bpath%5D=collection/70d89d35-1a35-4600-b5a6-961ac37c193b,24,12325,0.19%,6.73
https://www.jungleboys.com/menu/florida/palm-harbor,24,8678,0.28%,11.22
https://www.jungleboys.com/menu/arizona/jungle-boys-phoenix?dtche%5Bpath%5D=brands/project-packs,24,1200,2%,6.91
https://www.jungleboys.com/menu/florida/jungle-boys-miami-beach?dtche%5Bproduct%5D=rainbow-belts-premium-flower,24,518,4.63%,14.89
https://www.jungleboys.com/menu/florida/jungle-boys-palm-harbor?dtche%5Bproduct%5D=kush-mints-premium-flower,24,312,7.69%,5.44
https://www.jungleboys.com/menu/california/orange-county?dtche%5Bproduct%5D=jungle-boys-giraffe-puzzy-10pk-pre-rolls,24,215,11.16%,4.17
https://www.jungleboys.com/menu/california/pomona?dtche%5Bproduct%5D=jungle-boys-wz-40-3-5g-gold-mylar,24,183,13.11%,2.96
https://www.jungleboys.com/menu/jungle-boys-dtla/category/vaporizers,23,1384,1.66%,7.38
https://www.jungleboys.com/menu/florida/deerfield-beach?dtche%5Bproduct%5D=strawberry-runtz-piatella,23,1223,1.88%,6.01
https://www.jungleboys.com/menu/florida/jungle-boys-orlando?dtche%5Bproduct%5D=hippy-crasher-premium-flower,23,996,2.31%,7.63
https://www.jungleboys.com/menu/florida/jungle-boys-bonita-springs?dtche%5Bproduct%5D=zudz-premium-flower,23,863,2.67%,6.66
https://www.jungleboys.com/menu/florida/jungle-boys-palm-harbor?dtche%5Bproduct%5D=motor-breath-piatella,23,169,13.61%,12.68
https://www.jungleboys.com/menu/florida/jungle-boys-orlando?dtche%5Bpath%5D=products/vaporizers/live-resin,22,675,3.26%,8.56
https://www.jungleboys.com/menu/florida/jungle-boys-ocala?dtche%5Bproduct%5D=motor-breath-premium-flower,22,541,4.07%,16.66
https://www.jungleboys.com/menu/florida/jungle-boys-miami-beach?dtche%5Bproduct%5D=deep-visions-9-premium-flower,22,480,4.58%,4.93
https://www.jungleboys.com/menu/california/san-diego?dtche%5Bpath%5D=brands/legacy-genetix,22,303,7.26%,11.88
https://www.jungleboys.com/june-deals,22,208,10.58%,30.87
https://www.jungleboys.com/menu/california/downtown-los-angeles?dtche%5Bproduct%5D=decibel-gardens-blue-grass-3-5g-flower,22,182,12.09%,4.51
https://www.jungleboys.com/menu/florida/jungle-boys-daytona-beach?dtche%5Bpath%5D=specials,21,4368,0.48%,7.4
https://www.jungleboys.com/menu/jungle-boys-pomona/brand/bbdf26e3-c442-4346-898a-9dc657ff3acb,21,3369,0.62%,3.53
https://www.jungleboys.com/menu/florida/jungle-boys-ocala?dtche%5Bpath%5D=specials,21,1412,1.49%,15.35
https://www.jungleboys.com/menu/florida/jungle-boys-bonita-springs?dtche%5Bproduct%5D=strawberry-waffles-premium-pre-roll,21,248,8.47%,5.38
https://www.jungleboys.com/menu/florida/deerfield-beach?dtche%5Bpath%5D=info,20,8889,0.22%,10.35
https://www.jungleboys.com/menu/florida/jungle-boys-orlando?dtche%5Bpath%5D=info,20,2705,0.74%,17.71
https://www.jungleboys.com/menu/florida/deerfield-beach?dtche%5Bproduct%5D=glazed-ice-premium-flower,20,2039,0.98%,8.5
https://www.jungleboys.com/menu/florida/jungle-boys-miami-beach?dtche%5Bpath%5D=specials,20,1329,1.5%,18.53
https://www.jungleboys.com/menu/florida/miami-beach?dtche%5Bproduct%5D=zazooka-premium-flower,20,1311,1.53%,6.42
https://www.jungleboys.com/menu/florida/jungle-boys-palm-harbor?dtche%5Bpath%5D=specials,20,1167,1.71%,11.2
https://www.jungleboys.com/menu/florida/jungle-boys-palm-harbor?dtche%5Bproduct%5D=zoap-premium-flower,20,735,2.72%,5.84
https://www.jungleboys.com/menu/california/downtown-los-angeles?dtche%5Bpath%5D=brands/decibel-gardens,20,725,2.76%,7.77
https://www.jungleboys.com/menu/florida/jungle-boys-palm-harbor?dtche%5Bproduct%5D=puro-loco-premium-flower,20,572,3.5%,7.31
https://www.jungleboys.com/menu/arizona/jungle-boys-phoenix?dtche%5Bproduct%5D=fade-co-7g-flower-smalls-adl-rtz,20,550,3.64%,5.6
https://www.jungleboys.com/menu/florida/jungle-boys-orlando?dtche%5Bproduct%5D=blu-frootz-premium-flower,20,426,4.69%,6.83
https://www.jungleboys.com/menu/florida/jungle-boys-orlando?dtche%5Bpath%5D=products/concentrates/diamonds,20,330,6.06%,22.93
https://www.jungleboys.com/menu/florida/jungle-boys-west-palm-beach?dtche%5Bproduct%5D=lemon-banana-pie-premium-flower,20,266,7.52%,4.81
https://www.jungleboys.com/menu/florida/deerfield-beach?dtche%5Bpath%5D=brands/jungle-boys,19,4275,0.44%,12.53
https://www.jungleboys.com/menu/florida/jungle-boys-ocala?dtche%5Bpath%5D=products/vaporizers/disposables,19,1917,0.99%,10.02
https://www.jungleboys.com/menu/florida/jungle-boys-north-miami-beach?dtche%5Bpath%5D=products/pre-rolls/packs,19,1841,1.03%,17.27
https://www.jungleboys.com/menu/florida/deerfield-beach?dtche%5Bproduct%5D=animal-tsunami-live-rosin-vape-pen,19,1687,1.13%,16.51
https://www.jungleboys.com/menu/florida/jungle-boys-palm-harbor?dtche%5Bpath%5D=products/flower/infused-bud,19,1430,1.33%,10.52
https://www.jungleboys.com/menu/tlc-collective,19,745,2.55%,12.17
https://www.jungleboys.com/menu/arizona/jungle-boys-phoenix?dtche%5Bproduct%5D=alien-technology-disposable-2g,19,739,2.57%,6.79
https://www.jungleboys.com/menu/florida/deerfield-beach?dtche%5Bproduct%5D=big-league-choo-piatella,19,560,3.39%,6.88
https://www.jungleboys.com/menu/florida/jungle-boys-palm-harbor?dtche%5Bproduct%5D=blu-zerdz-premium-flower,19,547,3.47%,6.33
https://www.jungleboys.com/menu/arizona/jungle-boys-phoenix?dtche%5Bproduct%5D=guava-de-fresa-5-5g,19,431,4.41%,5.96
https://www.jungleboys.com/menu/arizona/jungle-boys-phoenix?dtche%5Bproduct%5D=blue-dream-disposable-2g-78370,19,397,4.79%,7.15
https://www.jungleboys.com/menu/arizona/jungle-boys-phoenix?dtche%5Bproduct%5D=prickly-pear-diamond-disposable-2g,19,281,6.76%,5.32
https://www.jungleboys.com/menu/florida/jungle-boys-west-palm-beach?dtche%5Bproduct%5D=chocolate-chips-live-rosin-vape-pen,19,160,11.88%,5.38
https://www.jungleboys.com/menu/arizona/jungle-boys-phoenix?dtche%5Bproduct%5D=grape-cake-3-5g,19,136,13.97%,5.26
https://www.jungleboys.com/menu/florida/jungle-boys-north-miami-beach?dtche%5Bproduct%5D=orange-apricot-live-resin-vape-pen,19,92,20.65%,4.7
https://www.jungleboys.com/menu/arizona/jungle-boys-phoenix?dtche%5Bpath%5D=brands/cult-cannabis-co,18,1997,0.9%,6.77
https://www.jungleboys.com/menu/florida/jungle-boys-daytona-beach?dtche%5Bcategory%5D=vaporizers,18,1594,1.13%,12.7
https://www.jungleboys.com/menu/florida/jungle-boys-miami-beach?dtche%5Bproduct%5D=amaretto-di-limon-premium-flower,18,1159,1.55%,5.6
https://www.jungleboys.com/menu/florida/jungle-boys-palm-harbor?dtche%5Bcategory%5D=flower,18,1083,1.66%,11.79
https://www.jungleboys.com/menu/florida/jungle-boys-orlando?dtche%5Bproduct%5D=rso-dablicator-high-thc,18,404,4.46%,5.38
https://www.jungleboys.com/menu/florida/jungle-boys-palm-harbor?dtche%5Bproduct%5D=frozen-grapes-live-rosin-vape-pen,18,311,5.79%,6.64
https://www.jungleboys.com/menu/florida/jungle-boys-orlando?dtche%5Bproduct%5D=orange-cherries-premium-flower,18,208,8.65%,4.99
https://www.jungleboys.com/menu/florida/jungle-boys-orlando?dtche%5Bproduct%5D=pink-lemonade-100mg-rosin-chews-10pk,18,142,12.68%,7.02
https://www.jungleboys.com/menu/florida/jungle-boys-miami-beach?dtche%5Bpath%5D=collection/0f3295bc-5d32-4850-ad2b-d9cdeb822888,17,3576,0.48%,10.21
https://www.jungleboys.com/menu/florida/jungle-boys-north-miami-beach?dtche%5Bproduct%5D=animal-cookies-live-resin-vape-pen,17,1456,1.17%,4.53
https://www.jungleboys.com/menu/arizona/jungle-boys-phoenix?dtche%5Bpath%5D=products/pre-rolls/packs,17,1035,1.64%,10.56
https://www.jungleboys.com/menu/florida/jungle-boys-orlando?dtche%5Bpath%5D=products/pre-rolls/packs,17,1014,1.68%,22.63
https://www.jungleboys.com/menu/florida/north-miami-beach?dtche%5Bproduct%5D=motor-breath-premium-flower,17,907,1.87%,6.87
https://www.jungleboys.com/menu/arizona/jungle-boys-phoenix?dtche%5Bpath%5D=brands/trip,17,827,2.06%,9.24
https://www.jungleboys.com/menu/florida/jungle-boys-jacksonville?dtche%5Bproduct%5D=lcz-flavors-510-cartridge,17,804,2.11%,5.33
https://www.jungleboys.com/menu/florida/jungle-boys-bonita-springs?dtche%5Bproduct%5D=blam-premium-flower,17,747,2.28%,7.32
https://www.jungleboys.com/menu/florida/deerfield-beach?dtche%5Bproduct%5D=pink-cadillac-premium-flower,17,744,2.28%,7.36
https://www.jungleboys.com/menu/arizona/jungle-boys-phoenix?dtche%5Bproduct%5D=battery-510-thread-45955,17,583,2.92%,6.39
https://www.jungleboys.com/menu/arizona/jungle-boys-phoenix?dtche%5Bproduct%5D=lip-smackz-3-5g,17,487,3.49%,7.95
https://www.jungleboys.com/menu/california/san-diego?dtche%5Bproduct%5D=wizard-trees-smoothie-hybrid-flower-3-5g,17,468,3.63%,6.09
https://www.jungleboys.com/menu/florida/jungle-boys-bonita-springs?dtche%5Bproduct%5D=kosher-og-pops,17,463,3.67%,10.16
https://www.jungleboys.com/menu/arizona/jungle-boys-phoenix?dtche%5Bproduct%5D=perm-lee-3-5g,17,460,3.7%,8.52
https://www.jungleboys.com/menu/florida/jungle-boys-daytona-beach?dtche%5Bproduct%5D=mimosa-premium-flower,17,383,4.44%,16.13
https://www.jungleboys.com/menu/florida/jungle-boys-jacksonville?dtche%5Bproduct%5D=chocolate-chips-premium-flower,17,363,4.68%,5.1
https://www.jungleboys.com/menu/arizona/jungle-boys-phoenix?dtche%5Bproduct%5D=xerbacio-3-5g,17,323,5.26%,7.63
https://www.jungleboys.com/menu/florida/deerfield-beach?dtche%5Bproduct%5D=blue-zerdz-x-zangria-1-premium,17,256,6.64%,6.47
https://www.jungleboys.com/menu/california/orange-county?dtche%5Bproduct%5D=jungle-boys-sherbanger-x-zangria-3-5g-gold-mylar,17,126,13.49%,5.49
https://www.jungleboys.com/menu/california/downtown-los-angeles?dtche%5Bpath%5D=brands/plug-play,16,789,2.03%,9.29
https://www.jungleboys.com/menu/florida/jungle-boys-north-miami-beach?dtche%5Bproduct%5D=puro-loco-premium-flower,16,696,2.3%,19.63
https://www.jungleboys.com/menu/florida/jungle-boys-bonita-springs?dtche%5Bproduct%5D=ether-cured-rosin-vape-pen,16,687,2.33%,10.92
https://www.jungleboys.com/menu/florida/jungle-boys-palm-harbor?dtche%5Bproduct%5D=orange-apricot-full-melt,16,434,3.69%,6.3
https://www.jungleboys.com/menu/california/downtown-los-angeles?dtche%5Bpath%5D=products/concentrates/live-rosin,16,348,4.6%,10.18
https://www.jungleboys.com/menu/florida/jungle-boys-palm-harbor?dtche%5Bproduct%5D=tricho-jordan-premium-flower,16,273,5.86%,8.85
https://www.jungleboys.com/menu/arizona/jungle-boys-phoenix?dtche%5Bproduct%5D=wedding-cake-snowballz-caviar-3-5g,16,207,7.73%,6.71
https://www.jungleboys.com/menu/florida/jungle-boys-bonita-springs?dtche%5Bproduct%5D=kush-mints-full-melt,16,192,8.33%,4.22
https://www.jungleboys.com/may-deals,16,187,8.56%,33.07
https://www.jungleboys.com/menu/california/orange-county?dtche%5Bproduct%5D=jungle-boys-triple-dip-3-5g-gold-mylar,16,167,9.58%,3.69
https://www.jungleboys.com/menu/california/downtown-los-angeles?dtche%5Bproduct%5D=hasher-white-truffle-1g-live-rosin,16,131,12.21%,4.33
https://www.jungleboys.com/profile,15,29014,0.05%,4.06
https://www.jungleboys.com/menu/florida/north-miami-beach,15,5084,0.3%,16.57
https://www.jungleboys.com/menu/arizona/jungle-boys-phoenix?dtche%5Bpath%5D=brands/dime-industries,15,2444,0.61%,23.81
https://www.jungleboys.com/menu/florida/west-palm-beach?dtche%5Bproduct%5D=watermelon-100mg-rosin-chews-10pk,15,1877,0.8%,7.58
https://www.jungleboys.com/menu/florida/deerfield-beach?dtche%5Bproduct%5D=honey-banana-x-trop-cookies-7-premium-flower,15,1171,1.28%,6.41
https://www.jungleboys.com/menu/florida/jungle-boys-orlando?dtche%5Bproduct%5D=grape-cake-head-19-premium-flower,15,1067,1.41%,12.16
https://www.jungleboys.com/menu/arizona/jungle-boys-phoenix?dtche%5Bproduct%5D=pillow-mints-7g,15,979,1.53%,8.24
https://www.jungleboys.com/menu/florida/deerfield-beach?dtche%5Bproduct%5D=biscotti-cream-premium-flower,15,889,1.69%,9.92
https://www.jungleboys.com/menu/jungle-boys-dtla/brand/bbdf26e3-c442-4346-898a-9dc657ff3acb,15,790,1.9%,6.39
https://www.jungleboys.com/menu/florida/jungle-boys-bonita-springs?dtche%5Bproduct%5D=g-ride-premium-flower,15,772,1.94%,6.01
https://www.jungleboys.com/menu/california/san-diego?dtche%5Bproduct%5D=mountain-man-melts-madd-fruit-hybrid-live-rosin-1g,15,747,2.01%,8.15
https://www.jungleboys.com/menu/florida/jungle-boys-orlando?dtche%5Bcategory%5D=concentrates,15,617,2.43%,9.47
https://www.jungleboys.com/menu/arizona/jungle-boys-phoenix?dtche%5Bproduct%5D=city-of-dreams-distillate-disposable-2g,15,566,2.65%,5.9
https://www.jungleboys.com/menu/arizona/jungle-boys-phoenix?dtche%5Bproduct%5D=freeze-dried-z-live-resin-disposable-2g,15,493,3.04%,7.06
https://www.jungleboys.com/menu/florida/jungle-boys-miami?dtche%5Bproduct%5D=animal-tsunami-premium-flower,15,471,3.18%,7.25
https://www.jungleboys.com/menu/florida/jungle-boys-bonita-springs?dtche%5Bproduct%5D=ice-cream-mints-premium-flower,15,467,3.21%,11.45
https://www.jungleboys.com/menu/florida/jungle-boys-ocala?dtche%5Bpath%5D=products/concentrates/diamonds,15,425,3.53%,21.38
https://www.jungleboys.com/menu/florida/jungle-boys-orlando?dtche%5Bpath%5D=products/vaporizers/live-rosin-disposable,15,379,3.96%,6.95
https://www.jungleboys.com/menu/california/pomona?dtche%5Bpath%5D=specials&dtche%5Bsubcategories%5D=cartridges,15,376,3.99%,8.59
https://www.jungleboys.com/menu/arizona/jungle-boys-phoenix?dtche%5Bproduct%5D=silver-summit-live-resin-disposable-1g,15,342,4.39%,8.49
https://www.jungleboys.com/menu/arizona/jungle-boys-phoenix?dtche%5Bproduct%5D=grape-jelly-3-5g,15,335,4.48%,7.27
https://www.jungleboys.com/menu/arizona/jungle-boys-phoenix?dtche%5Bproduct%5D=jack-herer-full-spectrum-rso-1g-40918,15,247,6.07%,7.86
https://www.jungleboys.com/menu/arizona/jungle-boys-phoenix?dtche%5Bproduct%5D=lndn-rtz-3-5g,15,183,8.2%,4.69
https://www.jungleboys.com/menu/arizona/jungle-boys-phoenix?dtche%5Bproduct%5D=angel-city-snowballz-caviar-3-5g,15,162,9.26%,5.86
https://www.jungleboys.com/menu/florida/jungle-boys-miami-beach?dtche%5Bproduct%5D=oreoz-piatella,15,111,13.51%,6.21
https://www.jungleboys.com/menu/california/orange-county?dtche%5Bpath%5D=brands/oil-refinery-co,15,84,17.86%,5.93
https://www.jungleboys.com/menu/florida/deerfield-beach?dtche%5Bcategory%5D=pre-rolls,14,9352,0.15%,7.89
https://www.jungleboys.com/menu/florida/jungle-boys-ocala?dtche%5Bpath%5D=products/vaporizers/live-rosin-disposable,14,6189,0.23%,28.9
https://www.jungleboys.com/menu/florida/jungle-boys-north-miami-beach?utm_source=FLDispensaries.com&utm_medium=CPC&utm_campaign=FLDTrial&utm_id=LiveMenuConnect,14,4683,0.3%,11.53
https://www.jungleboys.com/menu/florida/deerfield-beach?dtche%5Bproduct%5D=zacks-pie-premium-flower,14,1705,0.82%,12.31
https://www.jungleboys.com/menu/jungle-boys-orange-county/brand/bbdf26e3-c442-4346-898a-9dc657ff3acb,14,1605,0.87%,6.04
https://www.jungleboys.com/menu/florida/jungle-boys-bonita-springs?dtche%5Bproduct%5D=florida-haze-piatella,14,750,1.87%,23.2
https://www.jungleboys.com/menu/florida/miami?dtche%5Bproduct%5D=blu-og-premium-flower,14,695,2.01%,6.33
https://www.jungleboys.com/menu/florida/jungle-boys-miami-beach?dtche%5Bproduct%5D=ice-cream-mints-premium-flower,14,609,2.3%,19.84
https://www.jungleboys.com/menu/florida/jungle-boys-palm-harbor?dtche%5Bproduct%5D=spanish-honey-8-live-rosin-vape-pen,14,580,2.41%,4.66
https://www.jungleboys.com/menu/arizona/jungle-boys-phoenix?dtche%5Bproduct%5D=coconut-oil-clarity-tinctures-1000mg,14,488,2.87%,7.2
https://www.jungleboys.com/menu/florida/jungle-boys-bonita-springs?dtche%5Bproduct%5D=deep-visions-1-premium-flower,14,455,3.08%,5.67
https://www.jungleboys.com/menu/arizona/jungle-boys-phoenix?dtche%5Bpath%5D=brands/mfused-super-fog-twisted,14,451,3.1%,8.43
https://www.jungleboys.com/menu/florida/jungle-boys-orlando?dtche%5Bpath%5D=products/edibles/live-rosin-gummies,14,429,3.26%,10.78
https://www.jungleboys.com/menu/florida/jungle-boys-west-palm-beach?dtche%5Bproduct%5D=chocolate-chips-cold-cure,14,425,3.29%,7.74
https://www.jungleboys.com/menu/arizona/jungle-boys-phoenix?dtche%5Bpath%5D=brands/dialed-in-gummies,14,404,3.47%,8.2
https://www.jungleboys.com/menu/arizona/jungle-boys-phoenix?dtche%5Bproduct%5D=bobby-blue-caviar-4-2g,14,245,5.71%,7.52
https://www.jungleboys.com/menu/florida/jungle-boys-north-miami-beach?dtche%5Bpath%5D=products/concentrates/crumble,14,244,5.74%,13.32
https://www.jungleboys.com/menu/florida/jungle-boys-palm-harbor?dtche%5Bproduct%5D=lemon-kefir-cold-cure,14,221,6.33%,4.82
https://www.jungleboys.com/menu/florida/jungle-boys-palm-harbor?dtche%5Bproduct%5D=all-cherriez-premium-flower,14,216,6.48%,9.49
https://www.jungleboys.com/menu/arizona/jungle-boys-phoenix?dtche%5Bpath%5D=products/accessories/grinders,14,92,15.22%,7.65
https://www.jungleboys.com/menu/california/orange-county?dtche%5Bpath%5D=specials,14,70,20%,4.91
https://www.jungleboys.com/menu/florida/deerfield-beach?dtche%5Bcategory%5D=edibles,13,5192,0.25%,5.64
https://www.jungleboys.com/menu/florida/jungle-boys-bonita-springs?dtche%5Bproduct%5D=e85-premium-flower,13,1319,0.99%,11.26
https://www.jungleboys.com/menu/arizona/jungle-boys-phoenix?dtche%5Bpath%5D=brands/timeless-t-2,13,1233,1.05%,8.38
https://www.jungleboys.com/menu/florida/jungle-boys-miami-beach?dtche%5Bpath%5D=products/vaporizers/pods,13,673,1.93%,21.56
https://www.jungleboys.com/menu/florida/gainesville?dtche%5Bproduct%5D=zazooka-premium-flower,13,484,2.69%,6.37
https://www.jungleboys.com/menu/florida/daytona-beach?dtche%5Bproduct%5D=i-95-x-permanent-marker-premium-flower,13,427,3.04%,8.87
https://www.jungleboys.com/menu/florida/miami-beach?dtche%5Bproduct%5D=permanent-paint-live-resin-vape-pen,13,355,3.66%,6.87
https://www.jungleboys.com/menu/florida/jungle-boys-orlando?dtche%5Bpath%5D=products/concentrates/crumble,13,352,3.69%,14.13
https://www.jungleboys.com/menu/florida/deerfield-beach?dtche%5Bpath%5D=products/concentrates/rso,13,276,4.71%,11.87
https://www.jungleboys.com/menu/florida/jungle-boys-north-miami-beach?dtche%5Bproduct%5D=motor-breath-live-resin-vape-pen,13,244,5.33%,7.95
https://www.jungleboys.com/menu/florida/jungle-boys-miami?dtche%5Bproduct%5D=lemon-jack-flavors-510-cartridge,13,220,5.91%,16.49
https://www.jungleboys.com/menu/florida/jungle-boys-orlando?dtche%5Bproduct%5D=blu-velvet-cold-cure,13,210,6.19%,10.08
https://www.jungleboys.com/menu/florida/jungle-boys-miami-beach?dtche%5Bproduct%5D=blu-velvet-cold-cure,13,163,7.98%,6.11
https://www.jungleboys.com/menu/florida/jungle-boys-miami-beach?dtche%5Bproduct%5D=frozen-grapes-live-rosin-vape-pen,13,104,12.5%,10.31
https://www.jungleboys.com/menu/arizona/jungle-boys-phoenix?dtche%5Bproduct%5D=jurassic-haze-disposable-2g,13,58,22.41%,4.26
https://www.jungleboys.com/menu/florida/gainesville,12,4951,0.24%,16.35
https://www.jungleboys.com/menu/florida/jungle-boys-orlando?dtche%5Bpath%5D=collection/dfe82857-6737-4198-b714-6bedeb35a3f7,12,3400,0.35%,9.65
https://www.jungleboys.com/menu/florida/miami-beach?dtche%5Bpath%5D=collection/0f3295bc-5d32-4850-ad2b-d9cdeb822888,12,2900,0.41%,7.89
https://www.jungleboys.com/menu/florida/jungle-boys-orlando?dtche%5Bpath%5D=collection/83a79dcd-58e7-4742-8b8a-d9a3bc1cc3bc,12,2009,0.6%,10.35
https://www.jungleboys.com/menu/florida/jungle-boys-palm-harbor?dtche%5Bproduct%5D=perfect-triangle-premium-flower,12,1697,0.71%,12.14
https://www.jungleboys.com/menu/florida/jungle-boys-daytona-beach?dtche%5Bpath%5D=products/vaporizers/disposables,12,962,1.25%,14.97
https://www.jungleboys.com/menu/arizona/jungle-boys-phoenix?dtche%5Bpath%5D=brands/jungle-boys-clothing,12,929,1.29%,6.56
https://www.jungleboys.com/menu/florida/deerfield-beach?dtche%5Bproduct%5D=blu-zerdz-premium-flower,12,692,1.73%,7.01
https://www.jungleboys.com/menu/florida/jungle-boys-ocala?dtche%5Bproduct%5D=smackerz-premium-flower,12,634,1.89%,10.51
https://www.jungleboys.com/menu/arizona/jungle-boys-phoenix?dtche%5Bproduct%5D=gdp-rest-cartridge-1g-85720,12,580,2.07%,7.86
https://www.jungleboys.com/menu/florida/jungle-boys-miami-beach?dtche%5Bpath%5D=products/vaporizers/live-rosin-disposable,12,559,2.15%,19.26
https://www.jungleboys.com/menu/florida/jungle-boys-orlando?dtche%5Bpath%5D=products/concentrates/badder,12,376,3.19%,14.59
https://www.jungleboys.com/menu/arizona/jungle-boys-phoenix?dtche%5Bproduct%5D=jungle-punch-disposable-2g,12,368,3.26%,9.38
https://www.jungleboys.com/menu/arizona/jungle-boys-phoenix?dtche%5Bproduct%5D=paris-og-cartridge-1g,12,345,3.48%,11.9
https://www.jungleboys.com/menu/arizona/jungle-boys-phoenix?dtche%5Bproduct%5D=angel-city-caviar-4-2g,12,332,3.61%,6.65
https://www.jungleboys.com/menu/florida/jungle-boys-miami-beach?dtche%5Bproduct%5D=rainbow-belts-live-rosin-vape-pen,12,278,4.32%,8.42
https://www.jungleboys.com/menu/arizona/jungle-boys-phoenix?dtche%5Bproduct%5D=baked-octane-pre-roll-2-x-0-5g,12,259,4.63%,12.75
https://www.jungleboys.com/menu/california/downtown-los-angeles?dtche%5Bproduct%5D=heritage-hash-co-bubblegum-horchata-2g-aged-temple-ball,12,241,4.98%,6.97
https://www.jungleboys.com/menu/florida/jungle-boys-gainesville?dtche%5Bproduct%5D=chocolate-chips-premium-flower,12,225,5.33%,5.45
https://www.jungleboys.com/menu/california/orange-county?dtche%5Bproduct%5D=jungle-boys-zom-x-don-z-2-5g-hash-hole,12,214,5.61%,5.55
https://www.jungleboys.com/menu/florida/miami?dtche%5Bproduct%5D=vanilla-velvet-live-rosin-vape-pen,12,211,5.69%,6.32
https://www.jungleboys.com/menu/florida/jungle-boys-miami-beach?dtche%5Bproduct%5D=applez-33-premium-flower,12,193,6.22%,3.98
https://www.jungleboys.com/menu/florida/jungle-boys-orlando?dtche%5Bproduct%5D=strawberry-runtz-live-rosin-vape-pen,12,181,6.63%,7.2
https://www.jungleboys.com/menu/florida/jungle-boys-orlando?dtche%5Bproduct%5D=blueberry-sugar-premium-flower,12,179,6.7%,12.61
https://www.jungleboys.com/menu/florida/bonita-springs?dtche%5Bproduct%5D=blu-zerdz-premium-flower,12,178,6.74%,7.1
https://www.jungleboys.com/menu/california/pomona?dtche%5Bproduct%5D=jungle-boys-motor-breath-x-06-og-7-3-5g-pheno-jar,12,141,8.51%,6.84
https://www.jungleboys.com/menu/florida/jungle-boys-gainesville?dtche%5Bproduct%5D=permanent-paint-premium,12,127,9.45%,4.42
https://www.jungleboys.com/menu/florida/jungle-boys-miami-beach?dtche%5Bproduct%5D=zamarelo-premium-flower,12,123,9.76%,4.89
https://www.jungleboys.com/menu/florida/jungle-boys-miami-beach?dtche%5Bproduct%5D=la85-live-rosin-vape-pen,11,6094,0.18%,33.23
https://www.jungleboys.com/menu/arizona/jungle-boys-phoenix?dtche%5Bpath%5D=brands/el-blunto,11,5993,0.18%,30.94
https://www.jungleboys.com/menu/florida/jungle-boys-bonita-springs?dtche%5Bcategory%5D=flower,11,2103,0.52%,14.44
https://www.jungleboys.com/menu/arizona/jungle-boys-phoenix?dtche%5Bcategory%5D=flower,11,1141,0.96%,8.18
https://www.jungleboys.com/menu/florida/jungle-boys-palm-harbor?dtche%5Bproduct%5D=smackerz-premium-flower,11,1053,1.04%,9.72
https://www.jungleboys.com/menu/arizona/jungle-boys-phoenix?dtche%5Bproduct%5D=ckd-up-candy-14g,11,917,1.2%,5.94
https://www.jungleboys.com/menu/florida/deerfield-beach?dtche%5Bpath%5D=products/concentrates/hash,11,666,1.65%,13.32
https://www.jungleboys.com/menu/arizona/jungle-boys-phoenix?dtche%5Bproduct%5D=blue-monaco-3-5g,11,586,1.88%,8.42
https://www.jungleboys.com/menu/florida/jungle-boys-north-miami-beach?dtche%5Bproduct%5D=blu-frootz-premium-flower,11,391,2.81%,8.8
https://www.jungleboys.com/menu/florida/jungle-boys-miami-beach?dtche%5Bproduct%5D=big-league-choo-premium-pre-roll,11,335,3.28%,7.5
https://www.jungleboys.com/menu/florida/jungle-boys-miami-beach?dtche%5Bproduct%5D=blu-zerdz-premium-flower,11,326,3.37%,7.71
https://www.jungleboys.com/menu/florida/palm-harbor?dtche%5Bproduct%5D=mimosa-premium-flower,11,297,3.7%,9.83
https://www.jungleboys.com/menu/arizona/jungle-boys-phoenix?dtche%5Bproduct%5D=cookies-cream-mallow-bites-day-10-x-10mg,11,273,4.03%,6.78
https://www.jungleboys.com/menu/florida/jungle-boys-palm-harbor?dtche%5Bproduct%5D=the-one-live-resin-vape-pen,11,252,4.37%,5.02
https://www.jungleboys.com/menu/arizona/jungle-boys-phoenix?dtche%5Bproduct%5D=exotic-5g,11,241,4.56%,6.5
https://www.jungleboys.com/menu/california/orange-county?dtche%5Bproduct%5D=jungle-boys-zourz-3-5g-gold-mylar,11,238,4.62%,6
https://www.jungleboys.com/menu/florida/deerfield-beach?dtche%5Bproduct%5D=pink-lemonade-100mg-rosin-chews-10pk,11,233,4.72%,7.23
https://www.jungleboys.com/menu/florida/jungle-boys-orlando?dtche%5Bproduct%5D=zangria-premium-flower,11,219,5.02%,6.89
https://www.jungleboys.com/menu/tlc-collective/brand/bbdf26e3-c442-4346-898a-9dc657ff3acb,11,182,6.04%,7.92
https://www.jungleboys.com/menu/florida/deerfield-beach?dtche%5Bproduct%5D=ny-zoo-flavors-510-cartridge,11,180,6.11%,15.63
https://www.jungleboys.com/menu/arizona/jungle-boys-phoenix?dtche%5Bproduct%5D=giraffe-puzzy-pre-roll-2-x-1g,11,136,8.09%,4.7
https://www.jungleboys.com/menu/california/downtown-los-angeles?dtche%5Bproduct%5D=jungle-boys-club-41-gold-mylar,11,112,9.82%,4.62
https://www.jungleboys.com/menu/florida/jungle-boys-palm-harbor?dtche%5Bproduct%5D=pink-cadillac-live-rosin-vape-pen,11,83,13.25%,9.22
https://www.jungleboys.com/menu/florida/jungle-boys-ocala?dtche%5Bproduct%5D=mega-cndy-premium,11,52,21.15%,3.17
https://www.jungleboys.com/menu/arizona/jungle-boys-phoenix?dtche%5Bproduct%5D=pineapple-burst-3-5g-26669,11,49,22.45%,11.78
https://www.jungleboys.com/menu/florida/jungle-boys-north-miami-beach?dtche%5Bpath%5D=collection/9a4dda07-1f02-46bd-a6ee-25f626740b58,10,3404,0.29%,9.37
https://www.jungleboys.com/menu/florida/jungle-boys-north-miami-beach?dtche%5Bproduct%5D=rs1000-premium-flower,10,1298,0.77%,5.55
https://www.jungleboys.com/menu/arizona/jungle-boys-phoenix?dtche%5Bproduct%5D=planetary-og-3-5g,10,1169,0.86%,8.16
https://www.jungleboys.com/menu/california/san-diego?dtche%5Bproduct%5D=sale-terra-dark-chocolate-espresso-bean-bites-100mg,10,1056,0.95%,8.25
https://www.jungleboys.com/menu/florida/jungle-boys-north-miami-beach?dtche%5Bproduct%5D=vanilla-velvet-premium-flower,10,868,1.15%,7.99
https://www.jungleboys.com/menu/arizona/jungle-boys-phoenix?dtche%5Bproduct%5D=lip-smackz-7g,10,732,1.37%,9.21
https://www.jungleboys.com/menu/florida/jungle-boys-miami-beach?dtche%5Bproduct%5D=animal-tsunami-live-rosin-vape-pen,10,662,1.51%,15.01
https://www.jungleboys.com/menu/florida/jungle-boys-ocala?dtche%5Bproduct%5D=frozen-grapes-premium-flower,10,474,2.11%,8.94
https://www.jungleboys.com/menu/florida/west-palm-beach?dtche%5Bproduct%5D=blu-zerdz-premium-flower,10,428,2.34%,6.57
https://www.jungleboys.com/menu/jungle-boys-san-diego/?dtche%5Bproduct%5D=flavorade-wally-og-1g-cartridge,10,428,2.34%,7.37
https://www.jungleboys.com/menu/arizona/jungle-boys-phoenix?dtche%5Bproduct%5D=pressure-pre-roll-5-x-0-7g,10,349,2.87%,13.8
https://www.jungleboys.com/menu/florida/jungle-boys-ocala?dtche%5Bproduct%5D=deep-visions-1-premium-flower,10,335,2.99%,4.83
https://www.jungleboys.com/menu/arizona/jungle-boys-phoenix?dtche%5Bproduct%5D=skyline-serenade-distillate-disposable-2g,10,316,3.16%,5.6
https://www.jungleboys.com/menu/california/downtown-los-angeles?dtche%5Bproduct%5D=ted-s-budz-d-lish-3-5g-flower,10,307,3.26%,5.37
https://www.jungleboys.com/menu/florida/jungle-boys-orlando?dtche%5Bpath%5D=products/concentrates/rso,10,306,3.27%,8.39
https://www.jungleboys.com/menu/california/orange-county?dtche%5Bproduct%5D=jungle-boys-motor-breath-x-06-og-7-3-5g-pheno-jar,10,298,3.36%,6.65
https://www.jungleboys.com/menu/florida/jungle-boys-miami?dtche%5Bproduct%5D=zazooka-premium-flower,10,279,3.58%,7.2
https://www.jungleboys.com/menu/arizona/jungle-boys-phoenix?dtche%5Bproduct%5D=bounce-back-4-1-1-thc-cbdv-cbg-disposable-2g,10,265,3.77%,6.85
https://www.jungleboys.com/menu/florida/jungle-boys-jacksonville?dtche%5Bproduct%5D=big-league-choo-premium-flower,10,258,3.88%,4.89
https://www.jungleboys.com/menu/florida/jungle-boys-bonita-springs?dtche%5Bproduct%5D=green-apple-100mg-rosin-chews-10pk,10,245,4.08%,15.73
https://www.jungleboys.com/menu/arizona/jungle-boys-phoenix?dtche%5Bproduct%5D=j1-live-resin-disposable-1g,10,213,4.69%,8.14
https://www.jungleboys.com/menu/florida/jungle-boys-west-palm-beach?dtche%5Bproduct%5D=vanilla-velvet-flavors-cdt-distillate-vape-pen,10,182,5.49%,11.42
https://www.jungleboys.com/menu/florida/jungle-boys-ocala?dtche%5Bproduct%5D=jungle-boys-lighter,10,146,6.85%,8.28
https://www.jungleboys.com/menu/florida/bonita-springs?dtche%5Bpath%5D=products/concentrates/crumble,10,128,7.81%,23.67
https://www.jungleboys.com/menu/florida/deerfield-beach?dtche%5Bproduct%5D=lemon-kefir-live-resin-510-cartridge,10,127,7.87%,3.26
https://www.jungleboys.com/menu/california/pomona?dtche%5Bproduct%5D=jungle-boys-zom-3-5g-gold-mylar,10,119,8.4%,5.39
https://www.jungleboys.com/menu/florida/jungle-boys-bonita-springs?dtche%5Bproduct%5D=the-one-piatella,10,108,9.26%,7.65
https://www.jungleboys.com/menu/florida/jungle-boys-miami-beach?dtche%5Bproduct%5D=icbm-premium-pre-roll,10,98,10.2%,31.49
https://www.jungleboys.com/menu/florida/jungle-boys-palm-harbor?dtche%5Bpath%5D=brands/puffco,10,97,10.31%,7.12
https://www.jungleboys.com/menu/california/san-diego?dtche%5Bproduct%5D=city-roots-animal-face-hybrid-14pk-prerolls-14g,10,93,10.75%,11.34
https://www.jungleboys.com/menu/california/downtown-los-angeles?dtche%5Bproduct%5D=abx-chocolate-kush-1g-badder,10,81,12.35%,7.31
https://www.jungleboys.com/menu/florida/jungle-boys-palm-harbor?dtche%5Bpath%5D=brands,9,4998,0.18%,11.3
https://www.jungleboys.com/menu/florida/jungle-boys-ocala?dtche%5Bpath%5D=info,9,4676,0.19%,10.81
https://www.jungleboys.com/menu/arizona/jungle-boys-phoenix?dtche%5Bpath%5D=products/topicals/sticks-roll-ons,9,3582,0.25%,20.09
https://www.jungleboys.com/menu/florida/miami-beach?dtche%5Bproduct%5D=vanilla-velvet-premium-flower,9,1550,0.58%,6.89
https://www.jungleboys.com/menu/florida/jungle-boys-palm-harbor?dtche%5Bproduct%5D=vanilla-velvet-cured-rosin-vape-pen,9,1442,0.62%,7.21
https://www.jungleboys.com/menu/arizona/jungle-boys-phoenix?dtche%5Bpath%5D=brands/connected-cannabis,9,1290,0.7%,13.78
https://www.jungleboys.com/menu/florida/jungle-boys-north-miami-beach?dtche%5Bpath%5D=specials,9,991,0.91%,13.52
https://www.jungleboys.com/menu/florida/jungle-boys-north-miami-beach?dtche%5Bproduct%5D=raspado-premium-flower,9,925,0.97%,9.29
https://www.jungleboys.com/menu/california/downtown-los-angeles?dtche%5Bproduct%5D=heritage-hash-co-orangutan-titties-1g-cold-cure-live-rosin,9,867,1.04%,8.63
https://www.jungleboys.com/menu/florida/jungle-boys-daytona-beach?dtche%5Bproduct%5D=animal-tsunami-premium-flower,9,562,1.6%,7.39
https://www.jungleboys.com/menu/florida/deerfield-beach?dtche%5Bproduct%5D=g-ride-premium-flower,9,447,2.01%,6.99
https://www.jungleboys.com/menu/florida/jacksonville?dtche%5Bproduct%5D=watermelon-pie-breath-x-oishii-premium-flower,9,400,2.25%,4.55
https://www.jungleboys.com/menu/florida/jungle-boys-north-miami-beach?dtche%5Bpath%5D=products/concentrates/diamonds,9,376,2.39%,15.26
https://www.jungleboys.com/menu/florida/jungle-boys-ocala?dtche%5Bpath%5D=products/edibles/chews,9,366,2.46%,19.74
https://www.jungleboys.com/menu/arizona/jungle-boys-phoenix?dtche%5Bproduct%5D=sativa-blend-diamond-infused-3-pack-of-5g-joints,9,350,2.57%,4.11
https://www.jungleboys.com/menu/florida/jungle-boys-ocala?dtche%5Bpath%5D=products/vaporizers/live-resin,9,350,2.57%,16.7
https://www.jungleboys.com/menu/arizona/jungle-boys-phoenix?dtche%5Bproduct%5D=dime-og-live-resin-disposable-pen-1g,9,346,2.6%,8.99
https://www.jungleboys.com/menu/florida/jungle-boys-jacksonville?dtche%5Bproduct%5D=blu-zerdz-premium-flower,9,343,2.62%,8.96
https://www.jungleboys.com/menu/florida/jungle-boys-north-miami-beach?dtche%5Bproduct%5D=orange-cherries-premium-flower,9,329,2.74%,11.98
https://www.jungleboys.com/menu/florida/miami?dtche%5Bproduct%5D=chocolate-chips-live-rosin-vape-pen,9,256,3.52%,5.59
https://www.jungleboys.com/menu/florida/jungle-boys-west-palm-beach?dtche%5Bpath%5D=products/vaporizers/live-rosin-disposable,9,249,3.61%,6.4
https://www.jungleboys.com/menu/arizona/jungle-boys-phoenix?dtche%5Bproduct%5D=donny-burger-3-5g,9,234,3.85%,10.68
https://www.jungleboys.com/menu/florida/jungle-boys-daytona-beach?dtche%5Bpath%5D=brands/puffco,9,231,3.9%,25.35
https://www.jungleboys.com/menu/arizona/jungle-boys-phoenix?dtche%5Bproduct%5D=orange-cookies-3-5g,9,212,4.25%,4.99
https://www.jungleboys.com/menu/california/pomona?dtche%5Bpath%5D=brands/jungle-boys,9,206,4.37%,5.6
https://www.jungleboys.com/menu/florida/jungle-boys-miami?dtche%5Bproduct%5D=coma-live-resin-vape-pen,9,202,4.46%,5.31
https://www.jungleboys.com/menu/california/orange-county?dtche%5Bproduct%5D=jungle-boys-club-41-3-5g-gold-mylar,9,199,4.52%,9.15
https://www.jungleboys.com/menu/florida/jungle-boys-north-miami-beach?dtche%5Bproduct%5D=bacon-wrapped-oreoz-premium-pre-roll-70062,9,195,4.62%,7.05
https://www.jungleboys.com/menu/florida/deerfield-beach?dtche%5Bproduct%5D=blue-zerdz-x-zangria-6-premium,9,192,4.69%,6.77
https://www.jungleboys.com/menu/arizona/jungle-boys-phoenix?dtche%5Bproduct%5D=kiwi-burst-disposable-pen-2g,9,188,4.79%,10.39
https://www.jungleboys.com/menu/florida/jungle-boys-orlando?dtche%5Bproduct%5D=mimosa-premium-flower,9,177,5.08%,10.45
https://www.jungleboys.com/menu/arizona/jungle-boys-phoenix?dtche%5Bproduct%5D=lynwood-lemonade-snowballz-caviar-3-5g,9,176,5.11%,6.45
https://www.jungleboys.com/menu/florida/bonita-springs?dtche%5Bproduct%5D=rso-dablicator-high-thc,9,159,5.66%,6.38
https://www.jungleboys.com/menu/florida/miami-beach?dtche%5Bproduct%5D=chocolate-chips-premium-flower,9,150,6%,4.95
https://www.jungleboys.com/menu/arizona/jungle-boys-phoenix?dtche%5Bproduct%5D=lemonfeen-3-5g,9,140,6.43%,7.11
https://www.jungleboys.com/menu/california/downtown-los-angeles?dtche%5Bproduct%5D=cizi-rainbow-sherbet-1g-cartridge,9,78,11.54%,3.46
https://www.jungleboys.com/menu/florida/deerfield-beach?dtche%5Bproduct%5D=sherbert-x-papaya-belts-19-premium-flower,9,67,13.43%,3.55
https://www.jungleboys.com/menu/florida/tampa?dtche%5Bproduct%5D=zacks-pie-piatella-cold-cure-full-melt,9,62,14.52%,5.68
https://www.jungleboys.com/menu/arizona/jungle-boys-phoenix?dtche%5Bproduct%5D=hxos-14g,9,54,16.67%,3.93
https://www.jungleboys.com/menu/arizona/jungle-boys-phoenix?dtche%5Bproduct%5D=lanyard-grey,9,38,23.68%,8.76
https://www.jungleboys.com/menu/florida/deerfield-beach?dtche%5Bcategory%5D=vaporizers,8,7315,0.11%,4.89
https://www.jungleboys.com/menu/florida/jungle-boys-palm-harbor?dtche%5Bpath%5D=info,8,4293,0.19%,12.49
https://www.jungleboys.com/menu/florida/deerfield-beach?dtche%5Bcategory%5D=concentrates,8,3721,0.21%,5.22
https://www.jungleboys.com/menu/florida/jungle-boys-daytona-beach?dtche%5Bpath%5D=collection/c6c9bdbc-cdbd-424a-be2e-f8446eaa11ec,8,2506,0.32%,5.49
https://www.jungleboys.com/menu/arizona/jungle-boys-phoenix?dtche%5Bpath%5D=products/pre-rolls/blunts,8,2107,0.38%,3.32
https://www.jungleboys.com/menu/arizona/jungle-boys-phoenix?dtche%5Bpath%5D=brands/shango,8,1917,0.42%,33.33
https://www.jungleboys.com/menu/florida/deerfield-beach?dtche%5Bproduct%5D=latk-fresh-press-baller-buckets,8,952,0.84%,9.5
https://www.jungleboys.com/menu/florida/jungle-boys-palm-harbor?dtche%5Bproduct%5D=ztk-x-fuji-live-rosin-vape-pen,8,738,1.08%,4.75
https://www.jungleboys.com/find-jb-products,8,684,1.17%,34
https://www.jungleboys.com/menu/florida/jungle-boys-north-miami-beach?dtche%5Bproduct%5D=waffle-cone-premium-flower,8,609,1.31%,10.17
https://www.jungleboys.com/menu/florida/jungle-boys-miami-beach?dtche%5Bproduct%5D=spanish-honey-11-premium-flower,8,576,1.39%,5.65
https://www.jungleboys.com/menu/florida/jungle-boys-palm-harbor?dtche%5Bproduct%5D=honey-banana-x-trop-cookies-12-cold-cure,8,558,1.43%,8.01
https://www.jungleboys.com/menu/florida/deerfield-beach?dtche%5Bproduct%5D=southern-fuel-premium-flower,8,530,1.51%,7.76
https://www.jungleboys.com/menu/florida/tampa?dtche%5Bproduct%5D=vanilla-velvet-premium-flower,8,524,1.53%,6.75
https://jungleboys.com/,8,514,1.56%,1.98
https://www.jungleboys.com/menu/arizona/jungle-boys-phoenix?dtche%5Bproduct%5D=prickly-pear-lemonade-stoney-gummies-300mg-1-1-thc-cbg-52640,8,463,1.73%,8.41
https://www.jungleboys.com/menu/florida/jungle-boys-palm-harbor?dtche%5Bpath%5D=products/concentrates/diamonds,8,457,1.75%,28.75
https://www.jungleboys.com/menu/florida/jungle-boys-daytona-beach?dtche%5Bproduct%5D=sfv-x-tk-premium-flower,8,453,1.77%,11.03
https://www.jungleboys.com/menu/arizona/jungle-boys-phoenix?dtche%5Bproduct%5D=fade-co-7g-flower-smalls-creole-kush,8,401,2%,6.24
https://www.jungleboys.com/menu/california/san-diego?dtche%5Bproduct%5D=wizard-trees-black-magic-indica-flower-3-5g,8,398,2.01%,6.75
https://www.jungleboys.com/menu/florida/jungle-boys-palm-harbor?dtche%5Bcategory%5D=vaporizers,8,385,2.08%,7.02
https://www.jungleboys.com/menu/florida/jungle-boys-ocala?dtche%5Bproduct%5D=strawberry-runtz-piatella,8,381,2.1%,10.22
https://www.jungleboys.com/menu/florida/jungle-boys-north-miami-beach?dtche%5Bpath%5D=brands/puffco,8,377,2.12%,31.01
https://www.jungleboys.com/menu/florida/deerfield-beach?dtche%5Bproduct%5D=spanish-honey-8-cold-cure,8,374,2.14%,10.86
https://www.jungleboys.com/menu/florida/jungle-boys-bonita-springs?dtche%5Bproduct%5D=sour-punch-premium-flower,8,374,2.14%,17.44
https://www.jungleboys.com/menu/california/downtown-los-angeles?dtche%5Bproduct%5D=jungle-boys-gator-breath-1g-flavors-aio-gas-tank,8,369,2.17%,8.66
https://www.jungleboys.com/menu/california/san-diego?dtche%5Bpath%5D=brands/wizard-trees,8,360,2.22%,11.8
https://www.jungleboys.com/menu/florida/deerfield-beach?dtche%5Bproduct%5D=legend-og-premium-flower,8,346,2.31%,9.03
https://www.jungleboys.com/menu/california/downtown-los-angeles?dtche%5Bproduct%5D=connected-cannabis-co-biscotti-1g-cold-chain-cartridge,8,338,2.37%,7.32
https://www.jungleboys.com/menu/florida/deerfield-beach?dtche%5Bproduct%5D=zoo-keeper-cold-cure,8,319,2.51%,7.71
https://www.jungleboys.com/deals,8,309,2.59%,26.25
https://www.jungleboys.com/menu/florida/jungle-boys-miami-beach?dtche%5Bproduct%5D=zazooka-premium-flower,8,290,2.76%,6.2
https://www.jungleboys.com/menu/arizona/jungle-boys-phoenix?dtche%5Bproduct%5D=obsidian-3-5g,8,285,2.81%,6.39
https://www.jungleboys.com/menu/florida/jungle-boys-miami?dtche%5Bproduct%5D=pi-ata-premium-flower,8,267,3%,6.72
https://www.jungleboys.com/menu/california/san-diego?dtche%5Bproduct%5D=lost-farm-pink-pineapple-x-sour-dream-live-rosin-gummies-10pk-1535,8,265,3.02%,7.26
https://www.jungleboys.com/menu/florida/jungle-boys-jacksonville?dtche%5Bproduct%5D=honeysuckle-live-rosin-vape-pen,8,263,3.04%,5.4
https://www.jungleboys.com/menu/florida/jungle-boys-bonita-springs?dtche%5Bproduct%5D=raspado-premium-flower,8,263,3.04%,6.73
https://www.jungleboys.com/menu/arizona/jungle-boys-phoenix?dtche%5Bproduct%5D=fruit-leather-3-5g,8,243,3.29%,14.64
https://www.jungleboys.com/menu/florida/jungle-boys-bonita-springs?dtche%5Bproduct%5D=waffle-cone-premium-flower,8,238,3.36%,7.68
https://www.jungleboys.com/menu/florida/jungle-boys-palm-harbor?dtche%5Bproduct%5D=the-one-piatella,8,212,3.77%,7.17
https://www.jungleboys.com/drop-list,8,189,4.23%,39.76
https://www.jungleboys.com/menu/florida/deerfield-beach?dtche%5Bproduct%5D=e85-full-melt,8,177,4.52%,15.15
https://www.jungleboys.com/menu/florida/jungle-boys-miami?dtche%5Bproduct%5D=ny-zoo-flavors-510-cartridge,8,176,4.55%,5.26
https://www.jungleboys.com/menu/florida/orlando?dtche%5Bproduct%5D=lemon-jack-flavors-510-cartridge,8,167,4.79%,19.78
https://www.jungleboys.com/menu/arizona/jungle-boys-phoenix?dtche%5Bproduct%5D=distillate-syringe-0-5g,8,142,5.63%,10.01
https://www.jungleboys.com/menu/florida/ocala?dtche%5Bproduct%5D=white-gummiez-premium-flower,8,137,5.84%,7.32
https://www.jungleboys.com/menu/florida/deerfield-beach?dtche%5Bproduct%5D=blu-frootz-live-rosin-pen,8,124,6.45%,6.85
https://www.jungleboys.com/menu/california/pomona?dtche%5Bproduct%5D=jungle-boys-private-reserve-3-5g-gold-mylar,8,123,6.5%,6.74
https://www.jungleboys.com/menu/florida/daytona-beach?dtche%5Bproduct%5D=motor-breath-live-rosin-vape-pen-58014,8,113,7.08%,6.96
https://www.jungleboys.com/menu/florida/jungle-boys-north-miami-beach?dtche%5Bproduct%5D=white-gummiez-premium-pre-roll,8,113,7.08%,27.42
https://www.jungleboys.com/menu/california/san-diego?dtche%5Bproduct%5D=flavorade-x-pearl-pharma-white-cheese-indica-cartridge-1g,8,112,7.14%,4.65
https://www.jungleboys.com/menu/california/downtown-los-angeles?dtche%5Bproduct%5D=coldfire-larry-berry-og-1g-cured-resin-cartridge,8,100,8%,4.23
https://www.jungleboys.com/menu/california/san-diego?dtche%5Bpath%5D=brands/oakfruitland,8,94,8.51%,8.33
https://www.jungleboys.com/menu/arizona/jungle-boys-phoenix?dtche%5Bproduct%5D=war-crasher-pre-roll-2-x-0-5g,8,82,9.76%,3.98
https://www.jungleboys.com/menu/florida/daytona-beach?dtche%5Bproduct%5D=ny-zoo-flavors-510-cartridge,8,82,9.76%,4.61
https://www.jungleboys.com/menu/california/downtown-los-angeles?dtche%5Bproduct%5D=jungle-boys-giraffe-puzzy-1-5g-twins-pre-roll-pack,8,80,10%,4.38
https://www.jungleboys.com/menu/california/san-diego?dtche%5Bpath%5D=brands/city-roots,8,73,10.96%,5.16
https://www.jungleboys.com/menu/california/orange-county?dtche%5Bproduct%5D=quale-gmo-1g-tier-1-live-rosin,8,63,12.7%,5.29
https://www.jungleboys.com/menu/florida/palm-harbor?dtche%5Bproduct%5D=sherbert-x-papaya-belts-19-premium-flower,8,63,12.7%,6.49
https://www.jungleboys.com/menu/california/orange-county?dtche%5Bproduct%5D=decibel-gardens-blue-grass-3-5g-flower,8,59,13.56%,3.24
https://www.jungleboys.com/menu/california/orange-county?dtche%5Bpath%5D=products/concentrates/hash,8,58,13.79%,7
https://www.jungleboys.com/menu/florida/jungle-boys-orlando?dtche%5Bproduct%5D=ghost-rider-premium-pre-roll,8,56,14.29%,4.36
https://www.jungleboys.com/menu/arizona/jungle-boys-phoenix?dtche%5Bproduct%5D=lemon-orz-11-buds-14g,8,53,15.09%,5.11
https://www.jungleboys.com/menu/florida/jungle-boys-jacksonville?dtche%5Bpath%5D=brands/jungle-boys,7,4895,0.14%,6.92
https://www.jungleboys.com/menu/florida/jungle-boys-orlando?utm_source=FLDispensaries.com&utm_medium=CPC&utm_campaign=FLDTrial&utm_id=LiveMenuConnect,7,3458,0.2%,6.41
https://www.jungleboys.com/menu/florida/jungle-boys-miami?dtche%5Bproduct%5D=e85-live-rosin-vape-pen,7,3298,0.21%,22.63
https://www.jungleboys.com/menu/arizona/jungle-boys-phoenix?dtche%5Bpath%5D=products/flower/small-buds,7,1950,0.36%,28.65
https://www.jungleboys.com/menu/florida/daytona-beach?dtche%5Bpath%5D=collection/2b968a67-6f4e-4723-ac9d-570ec88969fa,7,1767,0.4%,7.87
https://www.jungleboys.com/menu/arizona/jungle-boys-phoenix?dtche%5Bpath%5D=products/concentrates/rso,7,1542,0.45%,8.71
https://www.jungleboys.com/menu/florida/jungle-boys-bonita-springs?dtche%5Bpath%5D=info,7,1435,0.49%,19.43
https://www.jungleboys.com/menu/jungle-boys-san-diego?dtche%5Bproduct%5D=stiiizy-blueberry-blast-1g-live-rosin-jam,7,933,0.75%,9.66
https://www.jungleboys.com/menu/california/san-diego?dtche%5Bpath%5D=info,7,770,0.91%,23.86
https://www.jungleboys.com/menu/florida/miami?dtche%5Bproduct%5D=pink-cadillac-premium-flower,7,746,0.94%,9.14
https://www.jungleboys.com/menu/arizona/jungle-boys-phoenix?dtche%5Bproduct%5D=hot-lava-3-5g,7,723,0.97%,8.11
https://www.jungleboys.com/menu/arizona/jungle-boys-phoenix?dtche%5Bproduct%5D=tropical-sapphire-kush-diamond-disposable-2g,7,676,1.04%,14.29
https://www.jungleboys.com/menu/florida/deerfield-beach?dtche%5Bpath%5D=products/flower/small-buds,7,553,1.27%,20.07
https://www.jungleboys.com/menu/florida/jungle-boys-orlando?dtche%5Bpath%5D=products/vaporizers/cartridges,7,541,1.29%,10.46
https://www.jungleboys.com/menu/arizona/jungle-boys-phoenix?dtche%5Bpath%5D=products/edibles/gummies,7,539,1.3%,8.7
https://www.jungleboys.com/menu/california/pomona?dtche%5Bcategory%5D=pre-rolls,7,538,1.3%,17.66
https://www.jungleboys.com/menu/arizona/jungle-boys-phoenix?dtche%5Bproduct%5D=gdp-disposable-2g,7,454,1.54%,7.22
https://www.jungleboys.com/menu/florida/jungle-boys-orlando?dtche%5Bproduct%5D=jelly-donut-flavors-510-cartridge,7,420,1.67%,5.43
https://www.jungleboys.com/menu/arizona/jungle-boys-phoenix?dtche%5Bpath%5D=products/pre-rolls/infused,7,401,1.75%,12.92
https://www.jungleboys.com/menu/florida/jungle-boys-west-palm-beach?dtche%5Bproduct%5D=blue-cheese-flavors-510-cartridge,7,381,1.84%,9.83
https://www.jungleboys.com/menu/florida/miami-beach?dtche%5Bproduct%5D=blu-zerdz-premium-flower,7,380,1.84%,6.59
https://www.jungleboys.com/menu/florida/jungle-boys-palm-harbor?dtche%5Bproduct%5D=vanilla-velvet-x-06-og-premium-flower,7,372,1.88%,5.23
https://www.jungleboys.com/menu/florida/jungle-boys-bonita-springs?dtche%5Bproduct%5D=family-feud-x-fuji-cold-cure,7,366,1.91%,4.73
https://www.jungleboys.com/menu/florida/jungle-boys-palm-harbor?dtche%5Bproduct%5D=jelly-donut-flavors-510-cartridge,7,353,1.98%,6.52
https://www.jungleboys.com/menu/arizona/jungle-boys-phoenix?dtche%5Bproduct%5D=martian-piss-diamond-disposable-pen-1g,7,328,2.13%,7.62
https://www.jungleboys.com/menu/florida/jungle-boys-jacksonville?dtche%5Bpath%5D=products/vaporizers/live-rosin-disposable,7,323,2.17%,12.72
https://www.jungleboys.com/menu/florida/jungle-boys-ocala?dtche%5Bproduct%5D=jelly-donut-premium-flower,7,313,2.24%,14.17
https://www.jungleboys.com/menu/california/san-diego?dtche%5Bproduct%5D=cam-peak-pressure-indica-flower-3-5g,7,305,2.3%,9.87
https://www.jungleboys.com/menu/arizona/jungle-boys-phoenix?dtche%5Bproduct%5D=glitter-bomb-7g,7,303,2.31%,8.48
https://www.jungleboys.com/menu/arizona/jungle-boys-phoenix?dtche%5Bproduct%5D=apple-banana-gelato-3-5g,7,294,2.38%,8.05
https://www.jungleboys.com/menu/florida/jungle-boys-ocala?dtche%5Bpath%5D=products/concentrates/wax,7,270,2.59%,16.01
https://www.jungleboys.com/menu/california/orange-county?dtche%5Bproduct%5D=jungle-boys-cochino-3-5g-gold-mylar,7,268,2.61%,7.87
https://www.jungleboys.com/menu/florida/deerfield-beach?dtche%5Bproduct%5D=spanish-honey-8-cold-cure-baller-buckets,7,261,2.68%,9.81
https://www.jungleboys.com/menu/florida/ocala?dtche%5Bproduct%5D=mimosa-premium-flower,7,256,2.73%,9.96
https://www.jungleboys.com/menu/california/downtown-los-angeles?dtche%5Bproduct%5D=jungle-boys-zkittlez-cake-1g-pre-roll,7,241,2.9%,6.37
https://www.jungleboys.com/menu/florida/jungle-boys-jacksonville?dtche%5Bproduct%5D=ny-zoo-flavors-510-cartridge,7,231,3.03%,5.48
https://www.jungleboys.com/menu/california/san-diego?dtche%5Bproduct%5D=710-labs-donny-burger-indica-flower-3-5g,7,231,3.03%,8.04
https://www.jungleboys.com/menu/florida/jungle-boys-bonita-springs?dtche%5Bproduct%5D=zacks-pie-live-rosin-vape-pen-76881,7,231,3.03%,10.78
https://www.jungleboys.com/menu/florida/jungle-boys-bonita-springs?dtche%5Bproduct%5D=zazooka-premium-flower,7,220,3.18%,4.85
https://www.jungleboys.com/menu/arizona/jungle-boys-phoenix?dtche%5Bproduct%5D=cereal-milk-diamond-disposable-2g,7,200,3.5%,7.68
https://www.jungleboys.com/menu/florida/palm-harbor?dtche%5Bproduct%5D=chocolate-chips-cold-cure,7,198,3.54%,5.06
https://www.jungleboys.com/menu/florida/deerfield-beach?dtche%5Bproduct%5D=puro-loco-4-pops,7,191,3.66%,8.86
https://www.jungleboys.com/menu/florida/jungle-boys-bonita-springs?dtche%5Bproduct%5D=zangria-premium-flower,7,188,3.72%,6.35
https://www.jungleboys.com/menu/florida/jungle-boys-north-miami-beach?dtche%5Bpath%5D=products/concentrates/kief,7,188,3.72%,16.68
https://www.jungleboys.com/menu/florida/jungle-boys-miami-beach?dtche%5Bpath%5D=products/concentrates/sugar,7,186,3.76%,10.28
https://www.jungleboys.com/menu/california/san-diego?dtche%5Bproduct%5D=teds-budz-uni-hybrid-flower-3-5g,7,184,3.8%,6.05
https://www.jungleboys.com/menu/florida/deerfield-beach?dtche%5Bproduct%5D=blu-og-premium-flower,7,159,4.4%,7.33
https://www.jungleboys.com/menu/california/san-diego?dtche%5Bproduct%5D=mountain-man-melts-krush-d-hybrid-live-rosin-1g,7,155,4.52%,6.05
https://www.jungleboys.com/menu/florida/jungle-boys-palm-harbor?dtche%5Bproduct%5D=jungle-boys-510-battery-kit-black,7,154,4.55%,4.55
https://www.jungleboys.com/menu/california/downtown-los-angeles?dtche%5Bproduct%5D=jungle-boys-triple-dip-3-5g-gold-mylar,7,153,4.58%,4.41
https://www.jungleboys.com/menu/florida/jungle-boys-daytona-beach?dtche%5Bpath%5D=products/concentrates/hash,7,151,4.64%,13.37
https://www.jungleboys.com/menu/florida/jungle-boys-miami?dtche%5Bproduct%5D=blu-frootz-trim-run-badder,7,147,4.76%,7.25
https://www.jungleboys.com/menu/california/orange-county?dtche%5Bproduct%5D=jungle-boys-private-reserve-5g-pops,7,145,4.83%,5.59
https://www.jungleboys.com/menu/arizona/jungle-boys-phoenix?dtche%5Bproduct%5D=wedding-cake-caviar-4-2g,7,145,4.83%,7.05
https://www.jungleboys.com/menu/florida/jungle-boys-orlando?dtche%5Bpath%5D=products/concentrates/sugar,7,143,4.9%,16.97
https://www.jungleboys.com/menu/florida/jungle-boys-miami-beach?dtche%5Bproduct%5D=kush-mints-live-rosin-pen,7,142,4.93%,11.94
https://www.jungleboys.com/menu/california/downtown-los-angeles?dtche%5Bproduct%5D=lumpy-s-zoap-3-5g-jar,7,132,5.3%,4.75
https://www.jungleboys.com/menu/california/orange-county?dtche%5Bproduct%5D=jungle-boys-perfect-og-3-5g-gold-mylar,7,129,5.43%,4.29
https://www.jungleboys.com/menu/arizona/jungle-boys-phoenix?dtche%5Bproduct%5D=blue-zushi-disposable-2g,7,120,5.83%,7.39
https://www.jungleboys.com/menu/arizona/jungle-boys-phoenix?dtche%5Bproduct%5D=boysenberry-1-1-1-thc-cbd-cbn-10-x-10mg,7,120,5.83%,7.62
https://www.jungleboys.com/menu/florida/jungle-boys-miami-beach?dtche%5Bproduct%5D=blueberry-sugar-premium-flower,7,109,6.42%,10.5
https://www.jungleboys.com/menu/florida/jungle-boys-orlando?dtche%5Bproduct%5D=blu-frootz-live-rosin-vape-pen,7,105,6.67%,25.64
https://www.jungleboys.com/menu/florida/gainesville?dtche%5Bproduct%5D=shabang-premium,7,104,6.73%,3.41
https://www.jungleboys.com/menu/california/downtown-los-angeles?dtche%5Bpath%5D=products/concentrates/sugar,7,94,7.45%,9.09
https://www.jungleboys.com/menu/california/pomona?dtche%5Bproduct%5D=coldfire-zushi-1g-cured-resin-cart,7,93,7.53%,5.94
https://www.jungleboys.com/menu/arizona/jungle-boys-phoenix?dtche%5Bproduct%5D=coconut-oil-sleep-4-3-3-thc-cbg-cbn-400mg,7,92,7.61%,10.54
https://www.jungleboys.com/menu/florida/jungle-boys-gainesville?dtche%5Bproduct%5D=blu-frootz-live-rosin-vape-pen,7,85,8.24%,6.67
https://www.jungleboys.com/menu/arizona/jungle-boys-phoenix?dtche%5Bproduct%5D=diesel-dunked-donuts-buds-3-5g,7,76,9.21%,3.49
https://www.jungleboys.com/menu/florida/jungle-boys-orlando?dtche%5Bproduct%5D=applez-33-premium-flower,7,74,9.46%,19.43
https://www.jungleboys.com/menu/california/orange-county?dtche%5Bproduct%5D=lumpy-s-dom-berrignon-14g-flower,7,69,10.14%,4.72
https://www.jungleboys.com/menu/florida/jungle-boys-miami?dtche%5Bproduct%5D=permanent-paint-premium,7,68,10.29%,4.85
https://www.jungleboys.com/menu/california/san-diego?dtche%5Bproduct%5D=horchata-premium-diamonds-vape-cartridge-1g-77253,7,59,11.86%,5.86
https://www.jungleboys.com/menu/florida/jungle-boys-palm-harbor?dtche%5Bproduct%5D=the-peak-pro-3dxl-onyx,7,55,12.73%,6.71
https://www.jungleboys.com/menu/california/pomona?dtche%5Bproduct%5D=jungle-boys-mimoza-3-5g-gold-mylar,7,50,14%,4.7
https://www.jungleboys.com/menu/florida/jungle-boys-gainesville?dtche%5Bproduct%5D=deep-blue-z-live-resin-vape-pen,7,43,16.28%,9.3
https://www.jungleboys.com/menu/california/san-diego?dtche%5Bproduct%5D=mountain-man-melts-secret-agent-x-hybrid-live-rosin-1g,7,37,18.92%,2.05
https://www.jungleboys.com/menu/california/orange-county?dtche%5Bproduct%5D=quale-banana-mon-1g-live-rosin,7,22,31.82%,4.05
https://www.jungleboys.com/media,6,46151,0.01%,4.69
https://www.jungleboys.com/menu/florida/gainesville?dtche%5Bpath%5D=info,6,5858,0.1%,8.64
https://www.jungleboys.com/menu/florida/jungle-boys-ocala?dtche%5Bpath%5D=collection/aa5e8bf1-bd59-48f3-83f4-1e3cab054210,6,2276,0.26%,9.96
https://www.jungleboys.com/menu/california/downtown-los-angeles?dtche%5Bproduct%5D=connected-cannabis-co-chrome-3-5g-flower,6,1982,0.3%,6.07
https://www.jungleboys.com/menu/florida/jungle-boys-west-palm-beach?dtche%5Bcategory%5D=edibles,6,1126,0.53%,9.48
https://www.jungleboys.com/menu/florida/miami-beach?dtche%5Bproduct%5D=06-og-55-premium-flower,6,674,0.89%,6.94
https://www.jungleboys.com/menu/arizona/jungle-boys-phoenix?dtche%5Bproduct%5D=cactus-chiller-disposable-2g,6,668,0.9%,17.76
https://www.jungleboys.com/menu/florida/jungle-boys-ocala?dtche%5Bpath%5D=products/pre-rolls/packs,6,632,0.95%,11.9
https://www.jungleboys.com/menu/arizona/jungle-boys-phoenix?dtche%5Bpath%5D=products/vaporizers/disposables,6,561,1.07%,7.92
https://www.jungleboys.com/menu/florida/jungle-boys-ocala?dtche%5Bcategory%5D=flower,6,502,1.2%,19.73
https://www.jungleboys.com/menu/florida/jungle-boys-north-miami-beach?dtche%5Bpath%5D=products/concentrates/wax,6,496,1.21%,11.53
https://www.jungleboys.com/menu/florida/jungle-boys-bonita-springs?dtche%5Bproduct%5D=the-one-pops,6,481,1.25%,11.58
https://www.jungleboys.com/menu/florida/jungle-boys-orlando?dtche%5Bpath%5D=products,6,466,1.29%,7.33
https://www.jungleboys.com/menu/florida/jungle-boys-miami-beach?dtche%5Bproduct%5D=06-og-55-live-rosin-vape-pen,6,461,1.3%,8.98
https://www.jungleboys.com/menu/arizona/jungle-boys-phoenix?dtche%5Bproduct%5D=pink-guava-cartridge-1g,6,437,1.37%,7.03
https://www.jungleboys.com/menu/florida/jungle-boys-gainesville?dtche%5Bproduct%5D=smackerz-premium-flower,6,407,1.47%,13.12
https://www.jungleboys.com/menu/florida/jungle-boys-miami-beach?dtche%5Bproduct%5D=grape-cake-head-19-premium-flower,6,373,1.61%,8.34
https://www.jungleboys.com/menu/arizona/jungle-boys-phoenix?dtche%5Bproduct%5D=tropical-z-3-5g,6,372,1.61%,8.92
https://www.jungleboys.com/menu/arizona/jungle-boys-phoenix?dtche%5Bpath%5D=products/edibles/chocolates,6,372,1.61%,18.33
https://www.jungleboys.com/menu/florida/daytona-beach?dtche%5Bpath%5D=products/vaporizers/cartridges,6,339,1.77%,19.58
https://www.jungleboys.com/menu/arizona/jungle-boys-phoenix?dtche%5Bproduct%5D=hidden-pastries-3-5g,6,323,1.86%,8.17
https://www.jungleboys.com/menu/florida/jungle-boys-orlando?dtche%5Bproduct%5D=i-95-x-permanent-marker-premium-flower,6,315,1.9%,5.3
https://www.jungleboys.com/menu/florida/jungle-boys-north-miami-beach?dtche%5Bproduct%5D=honey-banana-og-live-resin-vape-pen,6,309,1.94%,13.74
https://www.jungleboys.com/menu/florida/west-palm-beach?dtche%5Bproduct%5D=blu-og-premium-flower,6,304,1.97%,9.95
https://www.jungleboys.com/menu/florida/jungle-boys-gainesville?dtche%5Bproduct%5D=jelly-donut-flavors-510-cartridge,6,290,2.07%,5.66
https://www.jungleboys.com/menu/florida/deerfield-beach?dtche%5Bproduct%5D=sfv-x-tk-premium-pre-roll,6,288,2.08%,8.52
https://www.jungleboys.com/menu/florida/jungle-boys-jacksonville?dtche%5Bproduct%5D=mimosa-v6-x-runtz-cold-cure,6,283,2.12%,14.93
https://www.jungleboys.com/menu/florida/tampa?dtche%5Bpath%5D=products/concentrates/rso,6,277,2.17%,10.82
https://www.jungleboys.com/menu/florida/jungle-boys-gainesville?dtche%5Bpath%5D=products/concentrates/rso,6,276,2.17%,8.09
https://www.jungleboys.com/menu/arizona/jungle-boys-phoenix?dtche%5Bproduct%5D=ice-widow-7g,6,274,2.19%,6.79
https://www.jungleboys.com/menu/florida/jungle-boys-jacksonville?dtche%5Bcategory%5D=vaporizers,6,261,2.3%,16.99
https://www.jungleboys.com/menu/california/downtown-los-angeles?dtche%5Bproduct%5D=lumpy-s-gary-payton-1g-pre-roll,6,260,2.31%,6.68
https://www.jungleboys.com/menu/arizona/jungle-boys-phoenix?dtche%5Bpath%5D=products/edibles/drinks,6,249,2.41%,9.06
https://www.jungleboys.com/menu/arizona/jungle-boys-phoenix?dtche%5Bproduct%5D=coconut-oil-restore-1-1-thc-cbg-500mg,6,241,2.49%,7.22
https://www.jungleboys.com/menu/california/san-diego?dtche%5Bproduct%5D=kiva-terra-bites-100mg-dark-chocolate-espresso-beans,6,237,2.53%,1.79
https://www.jungleboys.com/menu/florida/deerfield-beach?dtche%5Bproduct%5D=applez-11-premium-flower,6,231,2.6%,5.61
https://www.jungleboys.com/menu/arizona/jungle-boys-phoenix?dtche%5Bproduct%5D=rainbow-mallow-bites-night-10-x-10mg,6,230,2.61%,5.81
https://www.jungleboys.com/menu/florida/jungle-boys-miami?dtche%5Bproduct%5D=blu-zerdz-premium-flower,6,227,2.64%,6.22
https://www.jungleboys.com/menu/arizona/jungle-boys-phoenix?dtche%5Bpath%5D=products/concentrates/shatter,6,213,2.82%,5.9
https://www.jungleboys.com/menu/florida/jungle-boys-palm-harbor?dtche%5Bproduct%5D=coma-cured-resin-vape-pen,6,208,2.88%,6.03
https://www.jungleboys.com/menu/arizona/jungle-boys-phoenix?dtche%5Bproduct%5D=papaya-punch-cartridge-1g,6,201,2.99%,8.2
https://www.jungleboys.com/menu/florida/jungle-boys-gainesville?dtche%5Bproduct%5D=ny-zoo-flavors-510-cartridge,6,195,3.08%,5.55
https://www.jungleboys.com/menu/florida/jungle-boys-ocala?dtche%5Bproduct%5D=deep-visions-9-premium-flower,6,192,3.12%,14.69
https://www.jungleboys.com/menu/florida/jungle-boys-palm-harbor?dtche%5Bproduct%5D=oreoz-premium-pre-roll,6,191,3.14%,8.43
https://www.jungleboys.com/menu/florida/jungle-boys-ocala?dtche%5Bproduct%5D=06-og-67-fresh-press,6,177,3.39%,13.27
https://www.jungleboys.com/menu/florida/miami-beach?dtche%5Bproduct%5D=pi-ata-premium-flower,6,175,3.43%,10.26
https://www.jungleboys.com/menu/arizona/jungle-boys-phoenix?dtche%5Bproduct%5D=cookies-cream-chocolate-bites-17023,6,154,3.9%,10.44
https://www.jungleboys.com/menu/california/downtown-los-angeles?dtche%5Bproduct%5D=coldfire-x-team-elite-genetics-purple-queso-1g-cured-resin-cartridge,6,150,4%,5.22
https://www.jungleboys.com/menu/arizona/jungle-boys-phoenix?dtche%5Bpath%5D=brands/space-rocks,6,144,4.17%,8.1
https://www.jungleboys.com/menu/florida/jungle-boys-miami?dtche%5Bproduct%5D=motor-breath-flavors-cdt-distillate-vape-pen,6,139,4.32%,7.93
https://www.jungleboys.com/menu/california/downtown-los-angeles?dtche%5Bproduct%5D=jungle-boys-white-durban-3-5g-gold-mylar,6,130,4.62%,3.98
https://www.jungleboys.com/menu/california/downtown-los-angeles?dtche%5Bproduct%5D=coldfire-x-lumpy-s-pm-x-sherb-1g-cured-resin-cartridge,6,130,4.62%,4.02
https://www.jungleboys.com/menu/florida/jungle-boys-palm-harbor?dtche%5Bproduct%5D=ny-zoo-flavors-510-cartridge,6,126,4.76%,5.14
https://www.jungleboys.com/menu/california/san-diego?dtche%5Bproduct%5D=jetty-gmo-indica-solventless-cartridge-1g,6,124,4.84%,6.97
https://www.jungleboys.com/menu/florida/jungle-boys-jacksonville?dtche%5Bproduct%5D=zangria-premium-flower,6,119,5.04%,4.79
https://www.jungleboys.com/menu/california/san-diego?dtche%5Bproduct%5D=raw-garden-strawberry-gas-hybrid-refined-live-resin-aio-1g,6,111,5.41%,5.97
https://www.jungleboys.com/menu/california/downtown-los-angeles?dtche%5Bproduct%5D=jungle-boys-perfect-og-3-5g-gold-mylar,6,109,5.5%,5.44
https://www.jungleboys.com/menu/arizona/jungle-boys-phoenix?dtche%5Bproduct%5D=charlie-s-grapes-live-rosin-disposable-0-5g,6,107,5.61%,3.41
https://www.jungleboys.com/menu/arizona/jungle-boys-phoenix?dtche%5Bproduct%5D=cap-junky-pre-roll-5-x-0-7g,6,97,6.19%,7.86
https://www.jungleboys.com/menu/florida/jungle-boys-jacksonville?dtche%5Bproduct%5D=spanish-honey-8-cold-cure,6,89,6.74%,4.16
https://www.jungleboys.com/menu/florida/jungle-boys-miami?dtche%5Bproduct%5D=lemon-banana-pie-premium-flower,6,87,6.9%,3.9
https://www.jungleboys.com/menu/florida/jungle-boys-west-palm-beach?dtche%5Bproduct%5D=deep-blue-z-live-resin-vape-pen,6,74,8.11%,6.55
https://www.jungleboys.com/menu/california/orange-county?dtche%5Bproduct%5D=coldfire-asteroid-belt-1g-cured-resin-cartridge,6,73,8.22%,3.74
https://www.jungleboys.com/menu/california/pomona?dtche%5Bproduct%5D=presidential-skywalker-2g-moon-rocks,6,73,8.22%,7.33
https://www.jungleboys.com/menu/florida/miami-beach?dtche%5Bproduct%5D=pink-lemonade-100mg-rosin-chews-10pk,6,72,8.33%,1.14
https://www.jungleboys.com/menu/arizona/jungle-boys-phoenix?dtche%5Bproduct%5D=mother-s-milk-live-resin-disposable-1g,6,72,8.33%,10.12
https://www.jungleboys.com/menu/florida/jungle-boys-orlando?dtche%5Bproduct%5D=permanent-paint-premium,6,69,8.7%,3.26
https://www.jungleboys.com/menu/florida/deerfield-beach?dtche%5Bproduct%5D=vanilla-velvet-live-rosin-vape-pen-25855,6,68,8.82%,4.97
https://www.jungleboys.com/menu/florida/jungle-boys-miami?dtche%5Bproduct%5D=rso-dablicator-3-1-thc-cbd,6,62,9.68%,4.79
https://www.jungleboys.com/menu/florida/tampa?dtche%5Bproduct%5D=lemon-jack-flavors-510-cartridge,6,60,10%,14.23
https://www.jungleboys.com/menu/arizona/jungle-boys-phoenix?dtche%5Bproduct%5D=ghost-og-3-5g,6,59,10.17%,10.2
https://www.jungleboys.com/menu/california/downtown-los-angeles?dtche%5Bproduct%5D=vuze-pb-banana-1g-live-resin-cartridge,6,55,10.91%,5.58
https://www.jungleboys.com/april-deals,6,53,11.32%,38.23
https://www.jungleboys.com/menu/california/pomona?dtche%5Bproduct%5D=lumpy-s-magnum-runtz-3-5g-flower,6,48,12.5%,4.69
https://www.jungleboys.com/menu/florida/jungle-boys-miami?dtche%5Bproduct%5D=zamarelo-premium,6,47,12.77%,4.43
https://www.jungleboys.com/menu/florida/jungle-boys-miami-beach?dtche%5Bproduct%5D=apricot-crasher-cold-cure,6,45,13.33%,8.51
https://www.jungleboys.com/menu/california/orange-county?dtche%5Bproduct%5D=jungle-boys-mimoza-3-5g-gold-mylar,6,43,13.95%,7.81
https://www.jungleboys.com/menu/florida/jungle-boys-ocala?dtche%5Bproduct%5D=06-amarelo-cold-cure,6,43,13.95%,19.93
https://www.jungleboys.com/menu/california/orange-county?dtche%5Bproduct%5D=quale-lemon-fumez-1g-live-rosin,6,33,18.18%,6.7
https://www.jungleboys.com/menu/arizona/jungle-boys-phoenix?dtche%5Bproduct%5D=chill-out-1-1-1-thc-cbg-cbd-disposable-2g,6,32,18.75%,6.41
https://www.jungleboys.com/menu/florida/jungle-boys-bonita-springs?dtche%5Bproduct%5D=vanilla-velvet-piatella,6,31,19.35%,4.58
https://www.jungleboys.com/menu/california/san-diego?dtche%5Bproduct%5D=hashish-uk-cheese-bc1-hybrid-hash-hole-live-rosin-preroll-2-5g,6,30,20%,6.23
https://www.jungleboys.com/menu/florida/jungle-boys-west-palm-beach?dtche%5Bproduct%5D=kaleidoscope-cold-cure,6,19,31.58%,19.32
https://www.jungleboys.com/menu/florida/tampa?dtche%5Bproduct%5D=crazy-grapes-cold-cure,6,16,37.5%,3.88
https://www.jungleboys.com/menu/arizona/jungle-boys-phoenix?dtche%5Bproduct%5D=bruce-banner-cartridge-1g,6,11,54.55%,7
https://www.jungleboys.com/menu/florida/jungle-boys-daytona-beach?dtche%5Bpath%5D=info,5,4296,0.12%,12.43
https://www.jungleboys.com/menu/florida/jungle-boys-jacksonville?dtche%5Bpath%5D=info,5,2321,0.22%,10.52
https://www.jungleboys.com/menu/florida/jungle-boys-gainesville?dtche%5Bpath%5D=info,5,2093,0.24%,10.75
https://www.jungleboys.com/menu/florida/jungle-boys-west-palm-beach,5,1702,0.29%,8.99
https://www.jungleboys.com/menu/florida/bonita-springs?dtche%5Bproduct%5D=fantasy-melon-premium-flower,5,1452,0.34%,9.1
https://www.jungleboys.com/menu/florida/palm-harbor?dtche%5Bpath%5D=collection/d9af0b41-fdbe-4c04-84a6-5ce9d59e1e56,5,1315,0.38%,5.44
https://www.jungleboys.com/menu/california/downtown-los-angeles?dtche%5Bproduct%5D=710-labs-date-night-6-3-5g-flower,5,719,0.7%,7.53
https://www.jungleboys.com/menu/florida/jungle-boys-gainesville?dtche%5Bproduct%5D=motor-breath-flavors-cdt-distillate-vape-pen,5,679,0.74%,21.09
https://www.jungleboys.com/menu/florida/jungle-boys-orlando?dtche%5Bproduct%5D=e85-live-rosin-vape-pen,5,623,0.8%,26.5
https://www.jungleboys.com/menu/florida/miami-beach?dtche%5Bproduct%5D=animal-tsunami-premium-flower,5,609,0.82%,8.63
https://www.jungleboys.com/menu/florida/jungle-boys-palm-harbor?dtche%5Bpath%5D=products/pre-rolls/packs,5,601,0.83%,13.27
https://www.jungleboys.com/menu/florida/jungle-boys-orlando?dtche%5Bpath%5D=products/flower/infused-bud,5,586,0.85%,19.46
https://www.jungleboys.com/menu/florida/jungle-boys-miami-beach?dtche%5Bproduct%5D=animal-tsunami-premium-flower,5,577,0.87%,11.8
https://www.jungleboys.com/menu/florida/jungle-boys-ocala?dtche%5Bpath%5D=products,5,481,1.04%,13.65
https://www.jungleboys.com/menu/florida/jungle-boys-west-palm-beach?dtche%5Bpath%5D=brands,5,470,1.06%,19.46
https://www.jungleboys.com/menu/arizona/jungle-boys-phoenix?dtche%5Bproduct%5D=gmozk-14g,5,464,1.08%,6.19
https://www.jungleboys.com/menu/florida/jungle-boys-miami-beach?dtche%5Bpath%5D=products/vaporizers/disposables,5,440,1.14%,14.8
https://www.jungleboys.com/menu/florida/jungle-boys-north-miami-beach?dtche%5Bproduct%5D=spanish-honey-11-premium-flower,5,431,1.16%,5.9
https://www.jungleboys.com/menu/california/orange-county?dtche%5Bproduct%5D=jungle-boys-zazooka-5g-pops,5,410,1.22%,6.43
https://www.jungleboys.com/menu/florida/jungle-boys-orlando?dtche%5Bpath%5D=products/flower/small-buds,5,407,1.23%,14.34
https://www.jungleboys.com/menu/california/san-diego?dtche%5Bproduct%5D=710-labs-cherry-zest-4-hybrid-rso-oil-1g,5,398,1.26%,8.29
https://www.jungleboys.com/menu/florida/miami-beach?dtche%5Bproduct%5D=motor-breath-premium-flower,5,397,1.26%,10.05
https://www.jungleboys.com/menu/arizona/jungle-boys-phoenix?dtche%5Bpath%5D=brands/swiitch,5,373,1.34%,6.38
https://www.jungleboys.com/menu/arizona/jungle-boys-phoenix?dtche%5Bproduct%5D=cookie-blend-diamond-infused-joint-1g,5,369,1.36%,6.99
https://www.jungleboys.com/menu/california/downtown-los-angeles?dtche%5Bproduct%5D=cizi-blue-dream-1g-cartridge,5,365,1.37%,7.91
https://www.jungleboys.com/menu/florida/jungle-boys-daytona-beach?dtche%5Bproduct%5D=biscotti-cream-premium-flower,5,341,1.47%,14.11
https://www.jungleboys.com/menu/florida/jungle-boys-ocala?dtche%5Bproduct%5D=vanilla-velvet-premium-flower,5,330,1.52%,7.36
https://www.jungleboys.com/menu/arizona/jungle-boys-phoenix?dtche%5Bpath%5D=brands/nugrun,5,327,1.53%,9.75
https://www.jungleboys.com/menu/california/san-diego?dtche%5Bproduct%5D=oakfruitland-orange-creamsicle-flower,5,293,1.71%,9.61
https://www.jungleboys.com/menu/arizona/jungle-boys-phoenix?dtche%5Bproduct%5D=notorious-thc-disposable-2g,5,291,1.72%,11.02
https://www.jungleboys.com/menu/florida/jungle-boys-miami-beach?dtche%5Bproduct%5D=gelato-33-fresh-press,5,288,1.74%,15.16
https://www.jungleboys.com/menu/arizona/jungle-boys-phoenix?dtche%5Bproduct%5D=ape-in-charge-distillate-disposable-2g,5,278,1.8%,6.05
https://www.jungleboys.com/menu/florida/jungle-boys-orlando?dtche%5Bproduct%5D=waffle-cone-premium-flower,5,272,1.84%,6.57
https://www.jungleboys.com/menu/florida/jungle-boys-miami-beach?dtche%5Bpath%5D=products/concentrates/wax,5,270,1.85%,13.98
https://www.jungleboys.com/menu/florida/jungle-boys-miami-beach?dtche%5Bproduct%5D=blam-premium-flower,5,267,1.87%,8.43
https://www.jungleboys.com/menu/florida/jungle-boys-orlando?dtche%5Bproduct%5D=animal-tsunami-premium-flower,5,261,1.92%,18.31
https://www.jungleboys.com/menu/florida/jungle-boys-jacksonville?dtche%5Bpath%5D=products,5,259,1.93%,7.56
https://www.jungleboys.com/menu/california/downtown-los-angeles?dtche%5Bpath%5D=products/vaporizers/disposables,5,251,1.99%,7.7
https://www.jungleboys.com/menu/california/orange-county?dtche%5Bproduct%5D=jungle-boys-motor-breath-3-5g-gold-mylar,5,244,2.05%,6.32
https://www.jungleboys.com/menu/florida/jungle-boys-miami?dtche%5Bproduct%5D=blue-cheese-flavors-510-cartridge,5,243,2.06%,8.51
https://www.jungleboys.com/menu/california/san-diego?dtche%5Bproduct%5D=wizard-trees-jungle-juice-hybrid-flower-3-5g,5,239,2.09%,7.34
https://www.jungleboys.com/menu/california/san-diego?dtche%5Bproduct%5D=sale-preferred-gardens-sidebanger-hybrid-premium-flower-3-5g,5,231,2.16%,6.74
https://www.jungleboys.com/menu/florida/jungle-boys-ocala?dtche%5Bpath%5D=products/concentrates/kief,5,226,2.21%,19.24
https://www.jungleboys.com/menu/florida/jungle-boys-palm-harbor?dtche%5Bpath%5D=products/edibles/chews,5,214,2.34%,10.6
https://www.jungleboys.com/menu/california/downtown-los-angeles?dtche%5Bproduct%5D=pistil-whip-terp-canyon-sour-1g-live-rosin-badder,5,211,2.37%,6.59
https://www.jungleboys.com/menu/florida/jungle-boys-ocala?dtche%5Bproduct%5D=the-one-live-rosin-vape-pen,5,210,2.38%,7.32
https://www.jungleboys.com/menu/florida/jungle-boys-miami-beach?dtche%5Bproduct%5D=cherry-berry-flavors-cdt-distillate-vape-pen,5,201,2.49%,14.86
https://www.jungleboys.com/menu/florida/tampa?dtche%5Bproduct%5D=southern-fuel-premium-flower,5,200,2.5%,8.01
https://www.jungleboys.com/menu/florida/jungle-boys-orlando?dtche%5Bproduct%5D=blu-og-premium-flower,5,196,2.55%,5.12
https://www.jungleboys.com/menu/arizona/jungle-boys-phoenix?dtche%5Bproduct%5D=fade-co-7g-flower-smalls-gastro-pop,5,193,2.59%,7.64
https://www.jungleboys.com/menu/arizona/jungle-boys-phoenix?dtche%5Bproduct%5D=mendo-cookies-14g,5,193,2.59%,24.01
https://www.jungleboys.com/menu/florida/jungle-boys-miami-beach?dtche%5Bproduct%5D=strawnana-premium-flower,5,189,2.65%,6.54
https://www.jungleboys.com/menu/arizona/jungle-boys-phoenix?dtche%5Bproduct%5D=not-alone-distillate-disposable-2g,5,188,2.66%,5.74
https://www.jungleboys.com/menu/arizona/jungle-boys-phoenix?dtche%5Bproduct%5D=lemon-pound-cake-cartridge-0-5g,5,185,2.7%,8.94
https://www.jungleboys.com/menu/florida/jungle-boys-daytona-beach?dtche%5Bproduct%5D=rso-dablicator-high-thc,5,185,2.7%,12.83
https://www.jungleboys.com/menu/arizona/jungle-boys-phoenix?dtche%5Bproduct%5D=lemon-cherry-pie-3-5g,5,185,2.7%,13.38
https://www.jungleboys.com/menu/florida/deerfield-beach?dtche%5Bproduct%5D=hippy-crasher-live-rosin-vape-pen,5,183,2.73%,16.34
https://www.jungleboys.com/menu/arizona/jungle-boys-phoenix?dtche%5Bproduct%5D=jack-herer-live-resin-disposable-1g,5,180,2.78%,7.84
https://www.jungleboys.com/menu/florida/jungle-boys-jacksonville?dtche%5Bproduct%5D=gelato-41-x-zangria-cold-cure,5,178,2.81%,7.6
https://www.jungleboys.com/menu/arizona/jungle-boys-phoenix?dtche%5Bproduct%5D=hot-rod-infused-pre-roll-pony-pizzazz-98950,5,171,2.92%,8.54
https://www.jungleboys.com/menu/arizona/jungle-boys-phoenix?dtche%5Bproduct%5D=blackberry-kush-disposable-2g,5,170,2.94%,7
https://www.jungleboys.com/menu/florida/deerfield-beach?dtche%5Bproduct%5D=vanilla-velvet-cured-rosin-vape-pen,5,166,3.01%,7.68
https://www.jungleboys.com/menu/florida/jungle-boys-daytona-beach?dtche%5Bproduct%5D=chocolate-chips-live-rosin-vape-pen,5,166,3.01%,10.25
https://www.jungleboys.com/menu/florida/ocala?dtche%5Bproduct%5D=wedding-cake-premium-flower,5,165,3.03%,5.01
https://www.jungleboys.com/menu/florida/jungle-boys-orlando?dtche%5Bproduct%5D=sfv-x-tk-premium-flower,5,164,3.05%,7.62
https://www.jungleboys.com/menu/florida/jungle-boys-ocala?dtche%5Bproduct%5D=rso-dablicator-full-spec-thc,5,164,3.05%,7.66
https://www.jungleboys.com/menu/arizona/jungle-boys-phoenix?dtche%5Bproduct%5D=lime-sickle-3-5g,5,158,3.16%,8.8
https://www.jungleboys.com/menu/florida/jungle-boys-orlando?dtche%5Bproduct%5D=pop-rockets-pops,5,156,3.21%,8.94
https://www.jungleboys.com/menu/california/pomona?dtche%5Bproduct%5D=seed-junky-magic-berries-3-5g-flower-98014,5,155,3.23%,6.89
https://www.jungleboys.com/menu/florida/jungle-boys-north-miami-beach?dtche%5Bproduct%5D=blu-zerdz-premium-flower,5,151,3.31%,9.14
https://www.jungleboys.com/menu/arizona/jungle-boys-phoenix?dtche%5Bproduct%5D=blue-dream-diamond-disposable-2g,5,145,3.45%,10.26
https://www.jungleboys.com/menu/florida/gainesville?dtche%5Bproduct%5D=lcz-flavors-510-cartridge,5,142,3.52%,6.24
https://www.jungleboys.com/menu/california/downtown-los-angeles?dtche%5Bpath%5D=brands/cannabis-brothers,5,140,3.57%,7.93
https://www.jungleboys.com/menu/jungle-boys-dtla/product/jungle-boys-raspado-1g-flavor-all-in-one,5,134,3.73%,8.09
https://www.jungleboys.com/menu/florida/jungle-boys-orlando?dtche%5Bproduct%5D=5th-element-cured-rosin-vape-pen,5,133,3.76%,8.38
https://www.jungleboys.com/menu/arizona/jungle-boys-phoenix?dtche%5Bproduct%5D=blue-milk-cartridge-1g,5,130,3.85%,8.83
https://www.jungleboys.com/menu/florida/jungle-boys-gainesville?dtche%5Bproduct%5D=motor-breath-live-resin-vape-pen,5,129,3.88%,5.67
https://www.jungleboys.com/menu/florida/jungle-boys-miami?dtche%5Bproduct%5D=e85-piatella-cold-cure-full-melt,5,127,3.94%,5.95
https://www.jungleboys.com/menu/florida/west-palm-beach?dtche%5Bproduct%5D=all-cherriez-pops,5,126,3.97%,9.82
https://www.jungleboys.com/menu/florida/jungle-boys-miami?dtche%5Bproduct%5D=legend-og-premium-flower,5,125,4%,4.91
https://www.jungleboys.com/menu/arizona/jungle-boys-phoenix?dtche%5Bproduct%5D=sour-diesel-disposable-2g,5,125,4%,6.58
https://www.jungleboys.com/menu/arizona/jungle-boys-phoenix?dtche%5Bpath%5D=products/edibles/baked-goods,5,123,4.07%,6.88
https://www.jungleboys.com/menu/arizona/jungle-boys-phoenix?dtche%5Bproduct%5D=stiq-pink-lemonade-disposable-pen-1g,5,123,4.07%,8
https://www.jungleboys.com/menu/florida/jungle-boys-miami-beach?dtche%5Bproduct%5D=ny-zoo-flavors-510-cartridge,5,119,4.2%,5.09
https://www.jungleboys.com/menu/california/san-diego?dtche%5Bproduct%5D=jungle-boys-la-gelato-pops-5g,5,119,4.2%,5.57
https://www.jungleboys.com/menu/florida/jungle-boys-jacksonville?dtche%5Bproduct%5D=puro-loco-live-rosin-vape-pen,5,118,4.24%,8.09
https://www.jungleboys.com/menu/california/san-diego?dtche%5Bproduct%5D=up-variable-voltage-pod-battery-black-44795,5,114,4.39%,7.39
https://www.jungleboys.com/menu/florida/jungle-boys-palm-harbor?dtche%5Bproduct%5D=zourz-premium-pre-roll,5,113,4.42%,6.37
https://www.jungleboys.com/menu/florida/jungle-boys-gainesville?dtche%5Bproduct%5D=motor-breath-live-rosin-vape-pen,5,112,4.46%,6.9
https://www.jungleboys.com/menu/florida/jungle-boys-palm-harbor?dtche%5Bproduct%5D=lemon-jack-flavors-510-cartridge,5,110,4.55%,5.05
https://www.jungleboys.com/menu/california/orange-county?dtche%5Bproduct%5D=jungle-boys-gas-cake-3-5g-gold-mylar,5,106,4.72%,5.41
https://www.jungleboys.com/menu/florida/jungle-boys-north-miami-beach?dtche%5Bproduct%5D=zangria-premium-flower,5,99,5.05%,6.57
https://www.jungleboys.com/menu/florida/jungle-boys-orlando?dtche%5Bproduct%5D=lemon-banana-pie-cold-cure,5,95,5.26%,6.07
https://www.jungleboys.com/menu/california/downtown-los-angeles?dtche%5Bproduct%5D=decibel-gardens-acid-bath-75g-pre-roll,5,94,5.32%,6.23
https://www.jungleboys.com/menu/california/orange-county?dtche%5Bproduct%5D=jungle-boys-don-z-3-5g-gold-mylar,5,93,5.38%,6.05
https://www.jungleboys.com/menu/arizona/jungle-boys-phoenix?dtche%5Bproduct%5D=purple-urkle-infused-pre-roll-0-5g,5,93,5.38%,6.38
https://www.jungleboys.com/menu/arizona/jungle-boys-phoenix?dtche%5Bproduct%5D=rainbow-cloud-diamond-disposable-2g,5,92,5.43%,7.98
https://www.jungleboys.com/menu/california/san-diego?dtche%5Bproduct%5D=mountain-man-melts-shego-hybrid-live-rosin-1g,5,87,5.75%,3.82
https://www.jungleboys.com/menu/california/downtown-los-angeles?dtche%5Bpath%5D=brands/boutiq,5,85,5.88%,6.81
https://www.jungleboys.com/menu/florida/jungle-boys-miami-beach?dtche%5Bproduct%5D=orange-apricot-premium-flower,5,84,5.95%,6.92
https://www.jungleboys.com/menu/florida/jungle-boys-north-miami-beach?dtche%5Bpath%5D=products/concentrates/sugar,5,83,6.02%,9.84
https://www.jungleboys.com/menu/arizona/jungle-boys-phoenix?dtche%5Bpath%5D=products/concentrates/badder,5,81,6.17%,7.41
https://www.jungleboys.com/menu/florida/jungle-boys-west-palm-beach?dtche%5Bproduct%5D=blu-frootz-live-rosin-vape-pen,5,80,6.25%,6.21
https://www.jungleboys.com/menu/california/downtown-los-angeles?dtche%5Bproduct%5D=jungle-boys-la-gelato-5g-pops,5,79,6.33%,9.16
https://www.jungleboys.com/menu/california/downtown-los-angeles?dtche%5Bproduct%5D=vuze-papaya-peaches-1g-live-resin-cartridge,5,73,6.85%,6.12
https://www.jungleboys.com/menu/florida/jungle-boys-ocala?dtche%5Bproduct%5D=vanilla-velvet-flavors-cdt-distillate-vape-pen,5,73,6.85%,22.18
https://www.jungleboys.com/menu/arizona/jungle-boys-phoenix?dtche%5Bproduct%5D=berry-white-jeeter-xl-infused-pre-roll-2g-21282,5,72,6.94%,6.79
https://www.jungleboys.com/menu/california/san-diego?dtche%5Bproduct%5D=st-ides-snooze-berries-4oz-shot-100mg,5,72,6.94%,7.74
https://www.jungleboys.com/menu/california/downtown-los-angeles?dtche%5Bproduct%5D=coldfire-asteroid-belt-1g-cured-resin-cartridge,5,70,7.14%,4.26
https://www.jungleboys.com/menu/california/san-diego?dtche%5Bproduct%5D=teds-budz-41-unicornz-hybrid-flower-3-5g,5,68,7.35%,7.54
https://www.jungleboys.com/menu/florida/jungle-boys-north-miami-beach?dtche%5Bproduct%5D=jelly-donut-premium-pre-roll,5,68,7.35%,15.22
https://www.jungleboys.com/menu/florida/jungle-boys-orlando?dtche%5Bproduct%5D=coma-live-resin-vape-pen,5,67,7.46%,3.73
https://www.jungleboys.com/menu/florida/jungle-boys-palm-harbor?dtche%5Bproduct%5D=06-og-55-piatella,5,67,7.46%,18.72
https://www.jungleboys.com/menu/arizona/jungle-boys-phoenix?dtche%5Bproduct%5D=shibui-live-resin-cartridge-1g,5,66,7.58%,4.59
https://www.jungleboys.com/menu/florida/jungle-boys-miami?dtche%5Bproduct%5D=zom-6-premium-flower,5,64,7.81%,6.44
https://www.jungleboys.com/menu/florida/palm-harbor?dtche%5Bproduct%5D=blu-zerdz-premium-flower,5,63,7.94%,6.79
https://www.jungleboys.com/menu/florida/jungle-boys-miami?dtche%5Bproduct%5D=zom-3-premium-flower,5,63,7.94%,7.7
https://www.jungleboys.com/menu/california/san-diego?dtche%5Bproduct%5D=sherbinskis-x-doja-g41-hybrid-5pk-rosin-infused-prerolls-2-5g,5,60,8.33%,5.78
https://www.jungleboys.com/menu/arizona/jungle-boys-phoenix?dtche%5Bproduct%5D=white-widow-crumble-1g,5,60,8.33%,6.85
https://www.jungleboys.com/menu/california/orange-county?dtche%5Bpath%5D=products/vaporizers/all-in-one,5,57,8.77%,7.28
https://www.jungleboys.com/menu/arizona/jungle-boys-phoenix?dtche%5Bproduct%5D=kodiak-caviar-4-2g,5,56,8.93%,6.14
https://www.jungleboys.com/menu/florida/deerfield-beach?dtche%5Bproduct%5D=london-pound-mints-x-champaya-cold-cure,5,56,8.93%,35.79
https://www.jungleboys.com/menu/arizona/jungle-boys-phoenix?dtche%5Bproduct%5D=margy-cake-badder-1g,5,55,9.09%,4.25
https://www.jungleboys.com/menu/florida/jungle-boys-west-palm-beach?dtche%5Bproduct%5D=lemon-jack-flavors-510-cartridge,5,55,9.09%,4.44
https://www.jungleboys.com/menu/california/san-diego?dtche%5Bproduct%5D=mountain-man-melts-peach-oasis-hybrid-live-rosin-1g,5,54,9.26%,4.91
https://www.jungleboys.com/menu/florida/tampa?dtche%5Bproduct%5D=rso-dablicator-high-thc,5,53,9.43%,9.43
https://www.jungleboys.com/menu/california/downtown-los-angeles?dtche%5Bproduct%5D=lumpy-s-magnum-runtz-3-5g-flower,5,50,10%,3.5
https://www.jungleboys.com/menu/arizona/jungle-boys-phoenix?dtche%5Bproduct%5D=classic-sativa-10-pack-7g,5,50,10%,4.58
https://www.jungleboys.com/menu/california/downtown-los-angeles?dtche%5Bproduct%5D=heritage-hash-co-kacklesnatch-1g-cold-cure-live-rosin,5,50,10%,6.86
https://www.jungleboys.com/menu/california/downtown-los-angeles?dtche%5Bproduct%5D=quale-gmo-1g-reserve-rosin-tier-1,5,48,10.42%,5.94
https://www.jungleboys.com/menu/florida/jungle-boys-jacksonville?dtche%5Bproduct%5D=deep-blue-z-live-resin-vape-pen,5,46,10.87%,9.48
https://www.jungleboys.com/menu/california/downtown-los-angeles?dtche%5Bpath%5D=products/concentrates/rosin,5,43,11.63%,5.23
https://www.jungleboys.com/menu/florida/jungle-boys-jacksonville?dtche%5Bproduct%5D=laguna-seca-premium-pre-roll,5,41,12.2%,3.63
https://www.jungleboys.com/menu/florida/jungle-boys-palm-harbor?dtche%5Bproduct%5D=caramel-chem-live-rosin-vape-pen,5,41,12.2%,5.24
https://www.jungleboys.com/menu/california/orange-county?dtche%5Bpath%5D=products/edibles/live-rosin-gummies,5,41,12.2%,6.98
https://www.jungleboys.com/menu/arizona/jungle-boys-phoenix?dtche%5Bproduct%5D=cereal-milk-live-resin-disposable-1g,5,40,12.5%,6.3
https://www.jungleboys.com/menu/florida/jungle-boys-miami-beach?dtche%5Bproduct%5D=lemon-jack-flavors-510-cartridge,5,38,13.16%,5.5
https://www.jungleboys.com/menu/california/orange-county?dtche%5Bproduct%5D=jungle-boys-motor-breath-1g-flavors-aio-gas-tank,5,36,13.89%,5.86
https://www.jungleboys.com/menu/florida/jungle-boys-palm-harbor?dtche%5Bproduct%5D=honey-velvet-premium-pre-roll,5,35,14.29%,3.03
https://www.jungleboys.com/menu/florida/jungle-boys-miami-beach?dtche%5Bproduct%5D=zamarelo-premium,5,35,14.29%,4.83
https://www.jungleboys.com/menu/florida/jungle-boys-palm-harbor?dtche%5Bproduct%5D=blu-og-premium-flower,5,33,15.15%,3.82
https://www.jungleboys.com/menu/california/pomona?dtche%5Bproduct%5D=hasher-white-truffle-1g-live-rosin-3920,5,33,15.15%,4.55
https://www.jungleboys.com/menu/florida/jungle-boys-ocala?dtche%5Bproduct%5D=orange-apricot-live-rosin-vape-pen,5,33,15.15%,6.39
https://www.jungleboys.com/menu/florida/jungle-boys-west-palm-beach?dtche%5Bproduct%5D=wedding-cake-live-rosin-vape-pen,5,31,16.13%,6.03
https://www.jungleboys.com/menu/florida/jungle-boys-jacksonville?dtche%5Bpath%5D=products/concentrates/diamonds,5,31,16.13%,21.45
https://www.jungleboys.com/menu/california/downtown-los-angeles?dtche%5Bproduct%5D=jungle-boys-giraffe-puzzy-1g-pre-roll,5,30,16.67%,4.7
https://www.jungleboys.com/menu/arizona/jungle-boys-phoenix?dtche%5Bproduct%5D=papaya-moose-live-resin-cartridge-0-5g,5,28,17.86%,5.93
https://www.jungleboys.com/menu/california/san-diego?dtche%5Bproduct%5D=teds-budz-chanel-no-5-hybrid-flower-3-5g,5,27,18.52%,3.37
https://www.jungleboys.com/menu/florida/jungle-boys-miami?dtche%5Bproduct%5D=its-it-cold-cure,5,23,21.74%,3.83
https://www.jungleboys.com/menu/florida/jungle-boys-orlando?dtche%5Bproduct%5D=ggs1-premium-flower,5,13,38.46%,3.38
https://www.jungleboys.com/menu/florida/jungle-boys-north-miami-beach?dtche%5Bpath%5D=info,4,3197,0.13%,11.99
https://www.jungleboys.com/menu/florida/jungle-boys-miami-beach?dtche%5Bpath%5D=info,4,2568,0.16%,12.6
https://www.jungleboys.com/menu/florida/jungle-boys-ocala?dtche%5Bpath%5D=brands/jungle-boys,4,2280,0.18%,11.55
https://www.jungleboys.com/menu/florida/jungle-boys-west-palm-beach?dtche%5Bpath%5D=brands/jungle-boys,4,1741,0.23%,8.54
https://www.jungleboys.com/menu/florida/jungle-boys-gainesville,4,1564,0.26%,7.4
https://www.jungleboys.com/menu/florida/jungle-boys-north-miami-beach?dtche%5Bpath%5D=brands/jungle-boys,4,1399,0.29%,8.81
https://www.jungleboys.com/menu/florida/jungle-boys-jacksonville,4,1350,0.3%,5.14
https://www.jungleboys.com/menu/florida/jungle-boys-north-miami-beach?dtche%5Bcategory%5D=concentrates,4,1089,0.37%,9.81
https://www.jungleboys.com/menu/arizona/jungle-boys-phoenix?dtche%5Bpath%5D=brands/fade-co,4,870,0.46%,9.34
https://www.jungleboys.com/menu/florida/tallahassee?dtche%5Bproduct%5D=mimosa-premium-flower,4,865,0.46%,8.22
https://www.jungleboys.com/menu/florida/ocala?dtche%5Bpath%5D=collection/804f3b89-e1d6-4015-99a0-966ffc9ada71,4,859,0.47%,8.23
https://www.jungleboys.com/menu/arizona/jungle-boys-phoenix?dtche%5Bpath%5D=brands/tru-infusion,4,688,0.58%,16.87
https://www.jungleboys.com/menu/arizona/jungle-boys-phoenix?dtche%5Bpath%5D=products/concentrates/live-resin,4,678,0.59%,4.86
https://www.jungleboys.com/menu/florida/jungle-boys-miami?dtche%5Bpath%5D=products/vaporizers/cartridges,4,544,0.74%,13.31
https://www.jungleboys.com/menu/arizona/jungle-boys-phoenix?dtche%5Bpath%5D=brands/abstrakt,4,542,0.74%,8.91
https://www.jungleboys.com/menu/florida/jungle-boys-ocala?dtche%5Bproduct%5D=orange-cookies-premium-flower,4,522,0.77%,5.94
https://www.jungleboys.com/menu/arizona/jungle-boys-phoenix?dtche%5Bproduct%5D=la-kush-cake-live-rosin-disposable-0-5g,4,441,0.91%,13.99
https://www.jungleboys.com/menu/florida/jungle-boys-palm-harbor?dtche%5Bpath%5D=products/concentrates/wax,4,418,0.96%,10.2
https://www.jungleboys.com/menu/florida/deerfield-beach?dtche%5Bpath%5D=products/vaporizers/cartridges,4,405,0.99%,19.18
https://www.jungleboys.com/menu/florida/jungle-boys-orlando?dtche%5Bcategory%5D=edibles,4,404,0.99%,11.24
https://www.jungleboys.com/menu/florida/jungle-boys-orlando?dtche%5Bproduct%5D=coma-premium-flower,4,377,1.06%,10.05
https://www.jungleboys.com/menu/arizona/jungle-boys-phoenix?dtche%5Bproduct%5D=apple-banana-gelato-7g,4,369,1.08%,8.38
https://www.jungleboys.com/menu/california/downtown-los-angeles?dtche%5Bpath%5D=products/flower/premium,4,366,1.09%,6.42
https://www.jungleboys.com/menu/florida/jungle-boys-bonita-springs?dtche%5Bproduct%5D=06-og-55-live-rosin-vape-pen,4,344,1.16%,13.36
https://www.jungleboys.com/menu/[retailer]/product/[slug],4,325,1.23%,14.32
https://www.jungleboys.com/menu/florida/jungle-boys-palm-harbor?dtche%5Bproduct%5D=legend-og-premium-flower,4,321,1.25%,6.37
https://www.jungleboys.com/menu/florida/tampa?dtche%5Bpath%5D=products/concentrates/diamonds,4,310,1.29%,8.64
https://www.jungleboys.com/menu/florida/jungle-boys-gainesville?dtche%5Bpath%5D=specials,4,304,1.32%,13.14
https://www.jungleboys.com/menu/arizona/jungle-boys-phoenix?dtche%5Bproduct%5D=tropical-z-live-resin-cartridge-1g,4,303,1.32%,8.57
https://www.jungleboys.com/menu/florida/deerfield-beach?dtche%5Bproduct%5D=spanish-honey-8-live-rosin-vape-pen-62847,4,289,1.38%,7.17
https://www.jungleboys.com/menu/jungle-boys-orange-county?utm_source=munchmakers,4,278,1.44%,6.35
https://www.jungleboys.com/menu/arizona/jungle-boys-phoenix?dtche%5Bproduct%5D=bubba-bomb-cartridge-1g,4,269,1.49%,8.32
https://www.jungleboys.com/menu/florida/ocala?dtche%5Bproduct%5D=rainbow-belts-premium-flower,4,269,1.49%,9.65
https://www.jungleboys.com/menu/california/pomona?dtche%5Bpath%5D=brands/cold-fire-extracts,4,266,1.5%,8.67
https://www.jungleboys.com/menu/california/san-diego?dtche%5Bproduct%5D=teds-budz-hawaiian-jelly-roll-hybrid-flower-3-5g,4,261,1.53%,6.33
https://www.jungleboys.com/menu/arizona/jungle-boys-phoenix?dtche%5Bproduct%5D=lemon-cherry-gelato-cartridge-1g,4,252,1.59%,7.49
https://www.jungleboys.com/menu/florida/jungle-boys-palm-harbor?dtche%5Bproduct%5D=sour-punch-premium-flower,4,249,1.61%,13.28
https://www.jungleboys.com/menu/florida/jungle-boys-palm-harbor?dtche%5Bproduct%5D=raspado-premium-flower,4,246,1.63%,7.68
https://www.jungleboys.com/menu/florida/deerfield-beach?dtche%5Bproduct%5D=pi-ata-premium-flower,4,246,1.63%,12.91
https://www.jungleboys.com/menu/florida/jungle-boys-miami-beach?dtche%5Bproduct%5D=watermelon-z-live-rosin-vape-pen,4,243,1.65%,6.29
https://www.jungleboys.com/menu/florida/deerfield-beach?dtche%5Bproduct%5D=trop-cherry-premium-flower,4,237,1.69%,12.29
https://www.jungleboys.com/menu/florida/jungle-boys-miami?dtche%5Bproduct%5D=vanilla-velvet-premium-flower,4,231,1.73%,5.97
https://www.jungleboys.com/menu/florida/jungle-boys-orlando?dtche%5Bproduct%5D=honey-banana-x-trop-cookies-12-jam,4,230,1.74%,4.67
https://www.jungleboys.com/menu/arizona/jungle-boys-phoenix?dtche%5Bproduct%5D=hawaiian-dutch-disposable-2g,4,230,1.74%,8.3
https://www.jungleboys.com/menu/florida/orlando?dtche%5Bproduct%5D=blu-zerdz-premium-flower,4,227,1.76%,5.52
https://www.jungleboys.com/menu/florida/jungle-boys-miami?dtche%5Bproduct%5D=jelly-donut-flavors-510-cartridge,4,222,1.8%,6.85
https://www.jungleboys.com/menu/arizona/jungle-boys-phoenix?dtche%5Bproduct%5D=maui-pineapple-diamond-disposable-2g,4,219,1.83%,10.89
https://www.jungleboys.com/menu/california/san-diego?dtche%5Bpath%5D=brands/teds-budz-co,4,218,1.83%,7.9
https://www.jungleboys.com/menu/florida/jungle-boys-miami-beach?dtche%5Bproduct%5D=zkittlez-burst-premium-pre-roll,4,213,1.88%,7.15
https://www.jungleboys.com/menu/florida/jungle-boys-miami-beach?dtche%5Bproduct%5D=the-budsy,4,212,1.89%,34.15
https://www.jungleboys.com/menu/florida/jungle-boys-ocala?dtche%5Bproduct%5D=all-cherriez-premium-flower,4,207,1.93%,14.49
https://www.jungleboys.com/menu/florida/jungle-boys-west-palm-beach?dtche%5Bpath%5D=products/vaporizers/live-resin,4,196,2.04%,8.2
https://www.jungleboys.com/menu/california/san-diego?dtche%5Bproduct%5D=sherbinskis-no-signal-sativa-live-resin-cartridge-1g,4,184,2.17%,6.63
https://www.jungleboys.com/menu/florida/orlando?dtche%5Bproduct%5D=jelly-donut-flavors-510-cartridge,4,183,2.19%,5.27
https://www.jungleboys.com/menu/arizona/jungle-boys-phoenix?dtche%5Bpath%5D=products/flower/infused-bud,4,182,2.2%,6.14
https://www.jungleboys.com/menu/florida/jungle-boys-orlando?dtche%5Bproduct%5D=amaretto-di-limon-premium-flower,4,180,2.22%,4.6
https://www.jungleboys.com/menu/florida/deerfield-beach?dtche%5Bproduct%5D=fruit-punch-100mg-full-spec-cbd-chews-10pk,4,178,2.25%,6.13
https://www.jungleboys.com/menu/florida/deerfield-beach?dtche%5Bproduct%5D=moon-pie-cured-rosin-vape-pen,4,178,2.25%,19.44
https://www.jungleboys.com/menu/arizona/jungle-boys-phoenix?dtche%5Bproduct%5D=70s-nova-haze-live-resin-pod-1g,4,175,2.29%,6.37
https://www.jungleboys.com/menu/california/san-diego?dtche%5Bproduct%5D=710-labs-bootylicious-1-hybrid-live-rosin-badder-1g,4,171,2.34%,8.41
https://www.jungleboys.com/menu/arizona/jungle-boys-phoenix?dtche%5Bproduct%5D=granddaddy-purple-infused-2-x-0-5g,4,170,2.35%,6.48
https://www.jungleboys.com/menu/florida/jungle-boys-north-miami-beach?dtche%5Bcategory%5D=vaporizers,4,169,2.37%,20.27
https://www.jungleboys.com/menu/florida/gainesville?dtche%5Bproduct%5D=jelly-donut-flavors-510-cartridge,4,168,2.38%,6.62
https://www.jungleboys.com/menu/florida/jungle-boys-north-miami-beach?dtche%5Bproduct%5D=zamarelo-premium-pre-roll,4,166,2.41%,8.16
https://www.jungleboys.com/menu/florida/ocala?dtche%5Bproduct%5D=amaretto-di-limon-premium-flower,4,164,2.44%,9.56
https://www.jungleboys.com/menu/california/orange-county?dtche%5Bpath%5D=brands/cannabis-brothers,4,162,2.47%,8.16
https://www.jungleboys.com/menu/florida/miami?dtche%5Bproduct%5D=jelly-donut-flavors-510-cartridge,4,155,2.58%,6.41
https://www.jungleboys.com/menu/florida/jungle-boys-north-miami-beach?dtche%5Bproduct%5D=frozen-grapes-premium-flower,4,154,2.6%,10.66
https://www.jungleboys.com/menu/florida/jungle-boys-west-palm-beach?dtche%5Bpath%5D=specials,4,153,2.61%,10.12
https://www.jungleboys.com/menu/arizona/jungle-boys-phoenix?dtche%5Bpath%5D=brands/micro-bar,4,152,2.63%,7.68
https://www.jungleboys.com/menu/california/downtown-los-angeles?dtche%5Bproduct%5D=jungle-boys-orange-cookies-1g-flavors-all-in-one,4,151,2.65%,6.03
https://www.jungleboys.com/menu/florida/gainesville?dtche%5Bproduct%5D=motor-breath-premium-flower,4,150,2.67%,6.27
https://www.jungleboys.com/menu/florida/jungle-boys-miami-beach?dtche%5Bproduct%5D=papaya-x-candy-fumez-full-melt,4,148,2.7%,25.64
https://www.jungleboys.com/menu/florida/jungle-boys-north-miami-beach?dtche%5Bproduct%5D=frozen-grapes-cured-rosin-vape-pen,4,147,2.72%,16.82
https://www.jungleboys.com/menu/california/downtown-los-angeles?dtche%5Bproduct%5D=lumpy-s-lemon-squarez-1g-pre-roll,4,141,2.84%,4.94
https://www.jungleboys.com/menu/florida/miami-beach?dtche%5Bcategory%5D=pre-rolls,4,137,2.92%,11.76
https://www.jungleboys.com/menu/arizona/jungle-boys-phoenix?dtche%5Bproduct%5D=blackwater-og-disposable-2g,4,134,2.99%,10.72
https://www.jungleboys.com/menu/florida/jungle-boys-palm-harbor?dtche%5Bproduct%5D=zamarelo-live-rosin-vape-pen,4,130,3.08%,6.49
https://www.jungleboys.com/menu/florida/jungle-boys-miami-beach?dtche%5Bproduct%5D=puffco-plus-onyx,4,128,3.12%,7.59
https://www.jungleboys.com/menu/florida/gainesville?dtche%5Bproduct%5D=white-gummiez-premium-flower,4,128,3.12%,9.59
https://www.jungleboys.com/menu/arizona/jungle-boys-phoenix?dtche%5Bpath%5D=brands/green-dot-labs,4,124,3.23%,8.73
https://www.jungleboys.com/menu/florida/jungle-boys-miami-beach?dtche%5Bproduct%5D=lemon-kefir-live-resin-vape-pen,4,124,3.23%,9.75
https://www.jungleboys.com/menu/arizona/jungle-boys-phoenix?dtche%5Bproduct%5D=gelonade-3-5g,4,123,3.25%,8.64
https://www.jungleboys.com/menu/florida/jungle-boys-jacksonville?dtche%5Bproduct%5D=g-ride-premium-pre-roll,4,123,3.25%,13.03
https://www.jungleboys.com/menu/florida/jungle-boys-orlando?dtche%5Bproduct%5D=06-og-67-live-rosin-vape-pen,4,122,3.28%,4.61
https://www.jungleboys.com/menu/florida/miami?dtche%5Bpath%5D=products/concentrates/rso,4,122,3.28%,16.78
https://www.jungleboys.com/menu/florida/jungle-boys-ocala?dtche%5Bproduct%5D=glazed-ice-premium-flower,4,122,3.28%,17.3
https://www.jungleboys.com/menu/arizona/jungle-boys-phoenix?dtche%5Bproduct%5D=silver-project-09-3-5g,4,120,3.33%,2.22
https://www.jungleboys.com/menu/florida/tallahassee?dtche%5Bproduct%5D=shabang-premium,4,120,3.33%,5.72
https://www.jungleboys.com/menu/california/orange-county?dtche%5Bproduct%5D=jungle-boys-blam-3-5g-gold-mylar,4,120,3.33%,10.07
https://www.jungleboys.com/menu/california/pomona?dtche%5Bproduct%5D=decibel-gardens-alien-orange-14g-premium-flower,4,116,3.45%,9.28
https://www.jungleboys.com/menu/california/pomona?dtche%5Bpath%5D=brands/dee-thai,4,114,3.51%,9.61
https://www.jungleboys.com/menu/florida/jungle-boys-palm-harbor?dtche%5Bproduct%5D=jelly-donut-premium-flower,4,112,3.57%,11.32
https://www.jungleboys.com/menu/california/san-diego?dtche%5Bproduct%5D=coldfire-x-flight-path-jelly-rancher-sativa-cartridge-1g,4,111,3.6%,5.68
https://www.jungleboys.com/menu/florida/jungle-boys-daytona-beach?dtche%5Bproduct%5D=pink-cadillac-premium-flower,4,110,3.64%,8.55
https://www.jungleboys.com/menu/arizona/jungle-boys-phoenix?dtche%5Bproduct%5D=r-bullz-3-5g,4,108,3.7%,6.3
https://www.jungleboys.com/menu/california/san-diego?dtche%5Bproduct%5D=cam-laughing-gas-hybrid-premium-flower-14g,4,108,3.7%,6.34
https://www.jungleboys.com/menu/florida/jungle-boys-palm-harbor?dtche%5Bproduct%5D=orange-apricot-100mg-distillate-chews-10pk,4,108,3.7%,6.61
https://www.jungleboys.com/menu/florida/jungle-boys-daytona-beach?dtche%5Bproduct%5D=choco-taco-cold-cure,4,108,3.7%,15.86
https://www.jungleboys.com/menu/arizona/jungle-boys-phoenix?dtche%5Bproduct%5D=permanent-marker-bx1-3-5g,4,107,3.74%,7.72
https://www.jungleboys.com/menu/florida/jungle-boys-palm-harbor?dtche%5Bproduct%5D=zamarelo-premium,4,107,3.74%,18.72
https://www.jungleboys.com/menu/florida/jungle-boys-ocala?dtche%5Bproduct%5D=chocolate-chips-premium-flower,4,106,3.77%,5.51
https://www.jungleboys.com/menu/florida/jungle-boys-bonita-springs?dtche%5Bproduct%5D=la-kush-cake-premium-flower,4,106,3.77%,9.21
https://www.jungleboys.com/menu/florida/jungle-boys-miami-beach?dtche%5Bproduct%5D=glueberry-live-rosin-vape-pen,4,105,3.81%,2.77
https://www.jungleboys.com/menu/arizona/jungle-boys-phoenix?dtche%5Bproduct%5D=gypsy-soap-live-rosin-disposable-0-6g,4,105,3.81%,8.04
https://www.jungleboys.com/menu/florida/jungle-boys-palm-harbor?dtche%5Bproduct%5D=jelly-donut-premium-pre-roll,4,105,3.81%,11.7
https://www.jungleboys.com/menu/florida/jungle-boys-west-palm-beach?dtche%5Bproduct%5D=deep-visions-1-live-resin-vape-pen,4,104,3.85%,5.94
https://www.jungleboys.com/menu/florida/miami-beach?dtche%5Bproduct%5D=blam-premium-flower,4,104,3.85%,6.98
https://www.jungleboys.com/menu/california/downtown-los-angeles?dtche%5Bproduct%5D=heritage-hash-co-banana-god-1g-live-rosin-jam,4,102,3.92%,5.85
https://www.jungleboys.com/menu/california/san-diego?dtche%5Bproduct%5D=flavorade-x-pearl-pharma-pearl-og-i-hybrid-cartridge-1g,4,100,4%,4.88
https://www.jungleboys.com/menu/florida/ocala?dtche%5Bproduct%5D=cereal-milk-x-modified-grapes-4-premium-flower,4,96,4.17%,4.83
https://www.jungleboys.com/menu/florida/bonita-springs?dtche%5Bproduct%5D=chocolate-chips-premium-flower,4,92,4.35%,5.14
https://www.jungleboys.com/menu/arizona/jungle-boys-phoenix?dtche%5Bproduct%5D=violet-vixen-live-resin-disposable-1g,4,92,4.35%,7.99
https://www.jungleboys.com/menu/florida/jungle-boys-miami?dtche%5Bproduct%5D=chocolate-chips-live-rosin-vape-pen,4,91,4.4%,6.51
https://www.jungleboys.com/menu/florida/deerfield-beach?dtche%5Bproduct%5D=honey-velvet-premium-pre-roll,4,89,4.49%,26.09
https://www.jungleboys.com/menu/california/pomona?dtche%5Bpath%5D=products/edibles/drinks,4,88,4.55%,6.75
https://www.jungleboys.com/menu/florida/deerfield-beach?dtche%5Bpath%5D=products/edibles/live-rosin-gummies,4,88,4.55%,8.18
https://www.jungleboys.com/menu/florida/jungle-boys-palm-harbor?dtche%5Bproduct%5D=06-og-55-full-melt,4,83,4.82%,5.92
https://www.jungleboys.com/menu/florida/deerfield-beach?dtche%5Bproduct%5D=orange-cherries-premium-flower,4,83,4.82%,7.36
https://www.jungleboys.com/menu/florida/deerfield-beach?dtche%5Bproduct%5D=frozen-grapes-live-rosin-vape-pen,4,82,4.88%,13.78
https://www.jungleboys.com/menu/florida/jungle-boys-west-palm-beach?dtche%5Bproduct%5D=starburst-x-fuji-live-resin-vape-pen,4,81,4.94%,6.02
https://www.jungleboys.com/menu/california/san-diego?dtche%5Bproduct%5D=kaizen-purple-punch-indica-premium-flower-3-5g,4,76,5.26%,4.99
https://www.jungleboys.com/menu/arizona/jungle-boys-phoenix?dtche%5Bproduct%5D=planet-of-the-grapes-disposable-2g,4,75,5.33%,13.56
https://www.jungleboys.com/menu/california/san-diego?dtche%5Bproduct%5D=clsics-blue-crack-sativa-live-rosin-cartridge-1g,4,74,5.41%,6.66
https://www.jungleboys.com/menu/florida/jungle-boys-orlando?dtche%5Bproduct%5D=orange-apricot-premium-flower,4,73,5.48%,9.99
https://www.jungleboys.com/menu/arizona/jungle-boys-phoenix?dtche%5Bproduct%5D=queen-s-delight-pre-roll-2-x-0-5g,4,72,5.56%,3.04
https://www.jungleboys.com/menu/florida/orlando?dtche%5Bproduct%5D=strawnana-premium-flower,4,72,5.56%,7.53
https://www.jungleboys.com/menu/arizona/jungle-boys-phoenix?dtche%5Bproduct%5D=saffron-swirl-pre-roll-2-x-0-5g,4,69,5.8%,3.07
https://www.jungleboys.com/menu/california/downtown-los-angeles?dtche%5Bproduct%5D=coldfire-cashmere-1g-cured-resin-cartridge,4,67,5.97%,4.06
https://www.jungleboys.com/menu/arizona/jungle-boys-phoenix?dtche%5Bproduct%5D=shoedog-drift-infused-pre-roll-travelers-92601,4,66,6.06%,4.56
https://www.jungleboys.com/menu/florida/jungle-boys-miami?dtche%5Bproduct%5D=clementine-1-piatella-cold-cure-full-melt,4,65,6.15%,7.6
https://www.jungleboys.com/menu/florida/deerfield-beach?dtche%5Bproduct%5D=rs1000-live-rosin-vape-pen,4,64,6.25%,13.84